Object ID,Map Label,Asset Name,Asset Type,Quantity,lat,lng
1,Trash Can,Turf Trash Can,Trash Can,2,"(37.7444541877,-122.44032658)"
8,Trash Can,Turf Trash Cans,Trash Can,3,"(37.7592866465,-122.427280143)"
10,Trash Can,Concrete Pathway Trash Cans,Trash Can,7,"(37.7582994788,-122.425990875)"
18,Trash Can,Picnic Area 4 Trash Cans,Trash Can,1,"(37.7590335586,-122.427014077)"
25,Trash Can,Children's Play Area Trash Cans,Trash Can,2,"(37.7589805531,-122.426787856)"
27,Trash Can,Children's Play Area Trash Cans,Trash Can,2,"(37.7588445809,-122.426677242)"
31,Trash Can,Perennial Bed Trash Cans,Trash Can,3,"(37.7599982028,-122.428104489)"
34,Trash Can,Picnic Area 2 Trash Cans,Trash Can,4,"(37.7510827782,-122.404450836)"
35,Trash Can,Picnic Area 2 Trash Cans,Trash Can,4,"(37.7510931201,-122.404453375)"
36,Trash Can,Picnic Area 2 Trash Cans,Trash Can,4,"(37.7510648299,-122.404444121)"
38,Trash Can,Turf Trash Cans,Trash Can,5,"(37.7509751355,-122.404955874)"
42,Trash Can,Turf Trash Cans,Trash Can,5,"(37.7512343607,-122.405756781)"
43,Trash Can,Turf Trash Cans,Trash Can,5,"(37.7511356527,-122.405374676)"
50,Trash Can,Picnic Area 1 Trash Cans,Trash Can,4,"(37.7504263776,-122.404441193)"
51,Trash Can,Picnic Area 1 Trash Cans,Trash Can,4,"(37.7504311234,-122.40442441)"
52,Trash Can,Picnic Area 1 Trash Cans,Trash Can,4,"(37.750439131,-122.404413346)"
53,Trash Can,Picnic Area 1 Trash Cans,Trash Can,4,"(37.7504493309,-122.404405154)"
54,Trash Can,Performance Space Trash Cans,Trash Can,1,"(37.7503635071,-122.404801621)"
56,Trash Can,Concrete Pathway Trash Cans,Trash Can,2,"(37.7501539192,-122.405341082)"
58,Trash Can,Turf Trash Cans,Trash Can,5,"(37.7501322673,-122.405046418)"
84,Trash Can,Asphalt Pathway Trash Cans,Trash Can,2,"(37.7609411558,-122.426323259)"
85,Trash Can,Asphalt Pathway Trash Cans,Trash Can,2,"(37.7613227927,-122.426352953)"
86,Trash Can,Turf Trash Cans,Trash Can,3,"(37.7611409352,-122.427285116)"
89,Trash Can,Concrete Pathway Trash Cans,Trash Can,7,"(37.7597065124,-122.42682384)"
90,Trash Can,Concrete Pathway Trash Cans,Trash Can,7,"(37.7595886347,-122.426796371)"
93,Trash Can,Picnic Area 3 Trash Cans,Trash Can,1,"(37.7595802504,-122.427375575)"
95,Trash Can,Concrete Pathway Trash Cans,Trash Can,7,"(37.759752868,-122.426150544)"
96,Trash Can,North Pathway Trash Cans,Trash Can,2,"(37.8010972907,-122.410225589)"
97,Trash Can,North East Pathway PB Trash Cans,Trash Can,2,"(37.801015431,-122.409513032)"
128,Trash Can,Lawn Area Trashcan,Trash Can,8,"(37.7914350711,-122.438779128)"
129,Trash Can,North East Pathway PB Trash Cans,Trash Can,2,"(37.8011194221,-122.409983531)"
131,Trash Can,Lawn Area Trashcan,Trash Can,8,"(37.7917185111,-122.437950136)"
132,Trash Can,Lawn Area Trashcan,Trash Can,8,"(37.791744784,-122.437672234)"
146,Trash Can,Pathway Trash Cans,Trash Can,5,"(37.8004972715,-122.409315438)"
147,Trash Can,Pathway Trash Cans,Trash Can,5,"(37.8012589688,-122.409440903)"
148,Trash Can,Pathway Trash Cans,Trash Can,5,"(37.8010757767,-122.410912314)"
149,Trash Can,Pathway Trash Cans,Trash Can,5,"(37.8008250661,-122.410767642)"
150,Trash Can,Pathway Trash Cans,Trash Can,5,"(37.8006466397,-122.410515779)"
187,Trash Can,Basketball Court Trash Can,Trash Can,1,"(37.7838311676,-122.451238417)"
189,Trash Can,Tennis Court Trash Can,Trash Can,1,"(37.7839184251,-122.451624015)"
196,Trash Can,Softball Trash Can,Trash Can,1,"(37.7841499862,-122.450672583)"
197,Trash Can,Children's Play Area Trash Can,Trash Can,1,"(37.7837492825,-122.451096727)"
201,Trash Can,Hardscaped Area Trash Cans,Trash Can,2,"(37.7828559881,-122.490973648)"
205,Trash Can,Hardscaped Area Trash Cans,Trash Can,2,"(37.7828757497,-122.490641662)"
218,Trash Can,North Pathway Trash Cans,Trash Can,2,"(37.801073123,-122.410436826)"
251,Trash Can,Tennis Court 1 Trash Can,Trash Can,1,"(37.7851013124,-122.478332389)"
252,Trash Can,Basketball Court 1 Trash Can,Trash Can,1,"(37.7850949949,-122.478302785)"
266,Trash Can,Ballfield Trash Can,Trash Can,1,"(37.7437919324,-122.440498702)"
267,Trash Can,Concrete Pathway Trash Cans,Trash Can,2,"(37.7433079157,-122.441221248)"
268,Trash Can,Perennial Bed Trash Cans,Trash Can,1,"(37.7442491688,-122.440344196)"
269,Trash Can,Children's Play Area Trash Can,Trash Can,1,"(37.7435157475,-122.440207179)"
272,Trash Can,Multi-Use Ball Field Trash Cans,Trash Can,2,"(37.7551258415,-122.3972139)"
273,Trash Can,Multi-Use Ball Field Trash Cans,Trash Can,2,"(37.7554027028,-122.397495278)"
274,Trash Can,Softball Field Trash Cans,Trash Can,3,"(37.7558107429,-122.39645216)"
275,Trash Can,Softball Field Trash Cans,Trash Can,3,"(37.7552955998,-122.396366187)"
276,Trash Can,Softball Field Trash Cans,Trash Can,3,"(37.7560003173,-122.397053013)"
277,Trash Can,Turf Trash Cans,Trash Can,8,"(37.7560322161,-122.397700453)"
278,Trash Can,DG Pathway Trash Cans,Trash Can,3,"(37.7560659012,-122.397704461)"
279,Trash Can,DG Pathway Trash Cans,Trash Can,3,"(37.7561018105,-122.396793816)"
280,Trash Can,DG Pathway Trash Cans,Trash Can,3,"(37.7560928953,-122.396881753)"
284,Trash Can,Children's Play Area 2 Trash Cans,Trash Can,1,"(37.7563628135,-122.396731207)"
285,Trash Can,Turf Trash Cans,Trash Can,8,"(37.7563895588,-122.396933411)"
286,Trash Can,Turf Trash Cans,Trash Can,8,"(37.7563565904,-122.397428498)"
287,Trash Can,Turf Trash Cans,Trash Can,8,"(37.7564912285,-122.397450831)"
296,Trash Can,Basketball Court Trash Cans,Trash Can,1,"(37.7568100856,-122.397078508)"
305,Trash Can,Turf Trash Cans,Trash Can,8,"(37.7569085617,-122.397613952)"
306,Trash Can,Turf Trash Cans,Trash Can,8,"(37.7569024676,-122.397556302)"
307,Trash Can,Turf Trash Cans,Trash Can,8,"(37.7568875628,-122.397500638)"
308,Trash Can,Turf Trash Cans,Trash Can,8,"(37.7568622347,-122.397438074)"
318,Trash Can,Children's Play Area Trash Cans,Trash Can,3,"(37.7391631752,-122.449312332)"
319,Trash Can,Children's Play Area Trash Cans,Trash Can,3,"(37.7391684732,-122.449310995)"
320,Trash Can,Children's Play Area Trash Cans,Trash Can,3,"(37.7391734774,-122.44930965)"
322,Trash Can,Softball Field Trash Cans,Trash Can,1,"(37.7389028555,-122.4493151)"
323,Trash Can,Concrete Pathway Trash Cans,Trash Can,2,"(37.738405856,-122.449043339)"
324,Trash Can,Concrete Pathway Trash Cans,Trash Can,2,"(37.7384394141,-122.449034623)"
325,Trash Can,Softball Field Trash Can,Trash Can,1,"(37.7244177823,-122.473898325)"
326,Trash Can,Turf Area Trash Can,Trash Can,1,"(37.7248628403,-122.473538528)"
327,Trash Can,Basketball Court Trash Can,Trash Can,1,"(37.7249093263,-122.473880523)"
328,Trash Can,Multi-Use Paved Playfield Trash Can,Trash Can,2,"(37.7250779858,-122.473926593)"
329,Trash Can,Multi-Use Paved Playfield Trash Can,Trash Can,2,"(37.7252182277,-122.474142289)"
340,Trash Can,Concrete Pathway Trash Cans,Trash Can,1,"(37.7335478831,-122.421487454)"
350,Trash Can,DPA Hardscape Trash Cans,Trash Can,2,"(37.7326630226,-122.420843228)"
351,Trash Can,DPA Hardscape Trash Cans,Trash Can,2,"(37.7328290944,-122.421008031)"
360,Trash Can,Asphalt Pathway Trash Cans,Trash Can,3,"(37.7637850861,-122.438421061)"
361,Trash Can,Asphalt Pathway Trash Cans,Trash Can,3,"(37.7637404031,-122.438590627)"
362,Trash Can,Non-Landscaped Greenspace Trash Cans,Trash Can,1,"(37.7639207535,-122.438038631)"
364,Trash Can,Turf Trash Cans,Trash Can,3,"(37.7582628717,-122.427781037)"
369,Trash Can,Concrete Pathway Trash Cans,Trash Can,7,"(37.7582509224,-122.426733727)"
372,Trash Can,Non-Landscaped Greenspace Trash Cans,Trash Can,1,"(37.7651872621,-122.440870952)"
373,Trash Can,Randall Museum Hardscaped Area Trash Cans,Trash Can,1,"(37.7652964397,-122.440207991)"
374,Trash Can,Dog Play Area Trash Cans,Trash Can,2,"(37.7653240312,-122.440167878)"
375,Trash Can,Dog Play Area Trash Cans,Trash Can,2,"(37.7653220572,-122.440136197)"
376,Trash Can,Natural Area Trash Cans,Trash Can,2,"(37.7645638252,-122.437078391)"
386,Trash Can,Concrete Pathway Trash Cans,Trash Can,1,"(37.7940907217,-122.417363923)"
387,Trash Can,Children's Play Area Trash Cans,Trash Can,1,"(37.7940626285,-122.417495144)"
388,Trash Can,Perennial Bed Trash Cans,Trash Can,1,"(37.7941717628,-122.417366285)"
394,Trash Can,Asphalt Pathway Trash Cans,Trash Can,4,"(37.7134348285,-122.415983325)"
395,Trash Can,Asphalt Pathway Trash Cans,Trash Can,4,"(37.7134238242,-122.415977804)"
396,Trash Can,Asphalt Pathway Trash Cans,Trash Can,4,"(37.7134114344,-122.415972248)"
397,Trash Can,Asphalt Pathway Trash Cans,Trash Can,4,"(37.7133991004,-122.415963202)"
398,Trash Can,Children's Play Area Trash Cans,Trash Can,1,"(37.7136692306,-122.415980638)"
411,Trash Can,Basketball Court Trash Cans,Trash Can,1,"(37.7141619904,-122.416548445)"
424,Trash Can,Children's Play Area Trash Can,Trash Can,4,"(37.7379823701,-122.484884162)"
425,Trash Can,Children's Play Area Trash Can,Trash Can,4,"(37.7377651988,-122.484870757)"
426,Trash Can,Children's Play Area Trash Can,Trash Can,4,"(37.7377336054,-122.48486421)"
427,Trash Can,Children's Play Area Trash Can,Trash Can,4,"(37.7377646676,-122.484543767)"
435,Trash Can,Bob Chaney Field,Trash Can,2,"(37.7387634629,-122.484849896)"
436,Trash Can,Bob Chaney Field,Trash Can,2,"(37.7387686307,-122.484812013)"
439,Trash Can,Turf Trash Can,Trash Can,4,"(37.7388383716,-122.483589904)"
440,Trash Can,Turf Trash Can,Trash Can,4,"(37.7388444657,-122.483496915)"
441,Trash Can,Turf Trash Can,Trash Can,4,"(37.7388488909,-122.483413388)"
442,Trash Can,Turf Trash Can,Trash Can,4,"(37.73885338,-122.483326059)"
467,Trash Can,Picnic Area 2 Trash Cans,Trash Can,4,"(37.7510730445,-122.404448191)"
468,Trash Can,Concrete Pathway Trash Cans,Trash Can,2,"(37.7506088562,-122.405531754)"
470,Trash Can,Turf Trash Cans,Trash Can,5,"(37.7506844633,-122.40495841)"
473,Trash Can,Natural Area Trash Cans,Trash Can,1,"(37.7336060302,-122.439198748)"
474,Trash Can,Natural Area Trash Can,Trash Can,2,"(37.7557105924,-122.472039216)"
475,Trash Can,Natural Area Trash Can,Trash Can,2,"(37.7563777819,-122.471084302)"
514,Trash Can,Asphalt Pathway Trash Cans,Trash Can,3,"(37.7637378216,-122.438485279)"
529,Trash Can,Children's Play Area Trash Cans,Trash Can,1,"(37.7638752254,-122.399543589)"
531,Trash Can,Basketball Court Trash Cans,Trash Can,2,"(37.7639034759,-122.399566848)"
532,Trash Can,Basketball Court Trash Cans,Trash Can,2,"(37.7638562935,-122.399563839)"
536,Trash Can,Tot's Play Area Trash Cans,Trash Can,1,"(37.7639596614,-122.399188781)"
537,Trash Can,Turf Trash Cans,Trash Can,6,"(37.7640308443,-122.399034654)"
538,Trash Can,Turf Trash Cans,Trash Can,6,"(37.7640305394,-122.399053576)"
539,Trash Can,Turf Trash Cans,Trash Can,6,"(37.7640287169,-122.399077868)"
543,Trash Can,Picnic Area Trash Cans,Trash Can,3,"(37.7642049865,-122.398841692)"
544,Trash Can,Picnic Area Trash Cans,Trash Can,3,"(37.764176823,-122.398813027)"
545,Trash Can,Picnic Area Trash Cans,Trash Can,3,"(37.7641433082,-122.39885003)"
546,Trash Can,Turf Trash Cans,Trash Can,6,"(37.76411653,-122.398957519)"
547,Trash Can,Turf Trash Cans,Trash Can,6,"(37.7641625827,-122.398897399)"
552,Trash Can,Trash Cans,Trash Can,19,"(37.7761260762,-122.433403874)"
562,Trash Can,Trash Cans,Trash Can,19,"(37.7758672975,-122.434412547)"
581,Trash Can,Trash Cans,Trash Can,19,"(37.7762230909,-122.436193156)"
585,Trash Can,Trash Cans,Trash Can,19,"(37.7768695635,-122.435169615)"
595,Trash Can,Trash Cans,Trash Can,19,"(37.7765494292,-122.436022492)"
597,Trash Can,Trash Cans,Trash Can,19,"(37.7768119374,-122.435817143)"
598,Trash Can,Trash Cans,Trash Can,19,"(37.7766196804,-122.435695492)"
602,Trash Can,Trash Cans,Trash Can,19,"(37.7763033085,-122.435010848)"
603,Trash Can,Trash Cans,Trash Can,19,"(37.7758818731,-122.435482238)"
605,Trash Can,Trash Cans,Trash Can,19,"(37.7757541489,-122.435841777)"
606,Trash Can,Trash Cans,Trash Can,19,"(37.775928084,-122.435190854)"
609,Trash Can,Trash Cans,Trash Can,19,"(37.7758063441,-122.434784955)"
610,Trash Can,Trash Cans,Trash Can,19,"(37.7759199816,-122.434535646)"
618,Trash Can,Trash Cans,Trash Can,19,"(37.7764863703,-122.434617761)"
619,Trash Can,Trash Cans,Trash Can,19,"(37.7765155794,-122.43477621)"
620,Trash Can,Trash Cans,Trash Can,19,"(37.7764132107,-122.433652651)"
639,Trash Can,Turf Trash Cans,Trash Can,5,"(37.7819665063,-122.42662414)"
664,Trash Can,Concrete Pathway Trash Can,Trash Can,2,"(37.7096232991,-122.447016648)"
667,Trash Can,Basketball Court Trash Can,Trash Can,1,"(37.7096537757,-122.44708553)"
669,Trash Can,Tennis Court Trash Can,Trash Can,1,"(37.7097526772,-122.44679421)"
679,Trash Can,Turf Trash Cans,Trash Can,1,"(37.7256759041,-122.393147432)"
680,Trash Can,Children's Play Area Trash Cans,Trash Can,1,"(37.7258560017,-122.393388364)"
681,Trash Can,Concrete Pathway Trash Cans,Trash Can,3,"(37.7733260193,-122.427062304)"
682,Trash Can,Concrete Pathway Trash Cans,Trash Can,3,"(37.7733414249,-122.426956659)"
683,Trash Can,Children's Play Area Trash Cans,Trash Can,1,"(37.7732501345,-122.426702291)"
688,Trash Can,Concrete Pathway Trash Cans,Trash Can,3,"(37.7732605888,-122.426410516)"
696,Trash Can,Parking Lot Trash Can,Trash Can,4,"(37.7834620551,-122.477732683)"
697,Trash Can,Parking Lot Trash Can,Trash Can,4,"(37.7834622501,-122.477721058)"
698,Trash Can,Parking Lot Trash Can,Trash Can,4,"(37.7834624384,-122.477709835)"
699,Trash Can,Parking Lot Trash Can,Trash Can,4,"(37.7834629639,-122.477697417)"
700,Trash Can,Concrete Paths Trash Can,Trash Can,2,"(37.7833089783,-122.477807609)"
701,Trash Can,Concrete Paths Trash Can,Trash Can,2,"(37.7832619468,-122.477803148)"
704,Trash Can,Picnic Area Trash Cans,Trash Can,1,"(37.8012767891,-122.416841817)"
714,Trash Can,Sharon Meadow Trash Can,Trash Can,10,"(37.7688946577,-122.456562896)"
715,Trash Can,Sharon Meadow Trash Can,Trash Can,10,"(37.7692453009,-122.456485056)"
716,Trash Can,Koret Playground Trash Can,Trash Can,3,"(37.7684045058,-122.457279541)"
717,Trash Can,Koret Playground Trash Can,Trash Can,3,"(37.7683668382,-122.45741034)"
718,Trash Can,Herschel-Spillman Carousel Trash Can,Trash Can,3,"(37.7681295331,-122.457862998)"
719,Trash Can,Herschel-Spillman Carousel Trash Can,Trash Can,3,"(37.7681653649,-122.457842762)"
720,Trash Can,Koret Playground Trash Can,Trash Can,3,"(37.7682192226,-122.457637083)"
721,Trash Can,Carousel Concession Stand Trash Can,Trash Can,1,"(37.7680187479,-122.458234268)"
722,Trash Can,Herschel-Spillman Carousel Trash Can,Trash Can,3,"(37.7679809397,-122.458148549)"
723,Trash Can,Koret Playground Trash Can,Trash Can,3,"(37.7678955712,-122.458339277)"
724,Trash Can,Koret Playground Trash Can,Trash Can,3,"(37.7680796896,-122.458501809)"
759,Trash Can,Natural Area Trash Cans,Trash Can,2,"(37.7651651797,-122.438520595)"
791,Trash Can,Asphalt Pathway Trash Cans,Trash Can,4,"(37.7627858778,-122.451930071)"
792,Trash Can,Annual Beds Trash Cans,Trash Can,1,"(37.762852418,-122.451569508)"
793,Trash Can,Asphalt Pathway Trash Cans,Trash Can,4,"(37.7626058274,-122.452050328)"
794,Trash Can,Asphalt Pathway Trash Cans,Trash Can,4,"(37.7626069114,-122.452040005)"
795,Trash Can,Asphalt Pathway Trash Cans,Trash Can,4,"(37.7626091932,-122.452030864)"
807,Trash Can,DG Pathway Trash Cans,Trash Can,1,"(37.751709348,-122.438916789)"
815,Trash Can,Concrete Pathway Trash Cans,Trash Can,7,"(37.7596956556,-122.426104672)"
819,Trash Can,CPA Trash Can,Trash Can,1,"(37.788442121,-122.449748193)"
832,Trash Can,Concrete Pathway Trash Cans,Trash Can,7,"(37.795510735,-122.397127836)"
833,Trash Can,Concrete Pathway Trash Cans,Trash Can,7,"(37.7955198144,-122.397025115)"
834,Trash Can,Concrete Pathway Trash Cans,Trash Can,7,"(37.7962239484,-122.397463027)"
836,Trash Can,Concrete Pathway Trash Can,Trash Can,4,"(37.7698666295,-122.431968254)"
849,Trash Can,Asphalt Pathway Trash Cans,Trash Can,3,"(37.7495337883,-122.412492298)"
852,Trash Can,Asphalt Pathway Trash Cans,Trash Can,3,"(37.7497179706,-122.41224622)"
875,Trash Can,Concrete Hardscaped Area Trash Cans,Trash Can,2,"(37.749923446,-122.406489781)"
876,Trash Can,Concrete Hardscaped Area Trash Cans,Trash Can,2,"(37.7499248127,-122.406486188)"
877,Trash Can,Baseball Field 1 Trash Cans,Trash Can,2,"(37.7498523672,-122.406521622)"
878,Trash Can,Baseball Field 1 Trash Cans,Trash Can,2,"(37.7498935534,-122.406439089)"
884,Trash Can,Children's Play Area Trash Cans,Trash Can,5,"(37.7581476156,-122.413064756)"
885,Trash Can,Parking Lot Trash Can,Trash Can,1,"(37.758061595,-122.412804241)"
887,Trash Can,Children's Play Area Trash Cans,Trash Can,2,"(37.7503570353,-122.406416279)"
893,Trash Can,Perennial Bed Trash Cans,Trash Can,3,"(37.7589672332,-122.428079706)"
896,Trash Can,Perennial Bed Trash Cans,Trash Can,3,"(37.7604789491,-122.428220915)"
929,Trash Can,Concrete Pathway Trash Cans,Trash Can,7,"(37.7598883293,-122.426164961)"
947,Trash Can,Concrete Pathway Trash Can,Trash Can,4,"(37.7694384926,-122.433984424)"
953,Trash Can,Children's Play Area Trash Can,Trash Can,1,"(37.7694786092,-122.433592424)"
962,Trash Can,Concrete Pathway Trash Can,Trash Can,1,"(37.7974104242,-122.444890265)"
978,Trash Can,Baseball Field Trash Can,Trash Can,1,"(37.7438894197,-122.479719468)"
979,Trash Can,Turf Trash Can,Trash Can,1,"(37.7446494103,-122.479126599)"
981,Trash Can,Children's Play Area Trash Can,Trash Can,1,"(37.7437476588,-122.480921303)"
984,Trash Can,DG Paths Trash Cans,Trash Can,3,"(37.7605167288,-122.390656711)"
986,Trash Can,DG Paths Trash Cans,Trash Can,3,"(37.7604887483,-122.391231899)"
990,Trash Can,LA Trash Cans,Trash Can,4,"(37.7609342434,-122.391347553)"
994,Trash Can,LA Trash Cans,Trash Can,4,"(37.7615162531,-122.391141077)"
1,000,Trash Can,LA Trash Cans,Trash Can,4,"(37.761525,-122.390929833)"
1,003,Trash Can,LA Trash Cans,Trash Can,4,"(37.7615185149,-122.390809107)"
1,006,Trash Can,DG Paths Trash Cans,Trash Can,3,"(37.761223136,-122.390733081)"
1,010,Trash Can,Non-Landscaped Greenspace Trash Can,Trash Can,1,"(37.7499342151,-122.469248677)"
1,011,Trash Can,Children's Play Area Trash Can,Trash Can,1,"(37.7501056604,-122.468844117)"
1,012,Trash Can,Asphalt Pathway Trash Can,Trash Can,1,"(37.7501449234,-122.468690373)"
1,018,Trash Can,DG Pathway Trash Can,Trash Can,1,"(37.7309405521,-122.480394284)"
1,020,Trash Can,Dog Play Area Trash Cans,Trash Can,3,"(37.7817055535,-122.426007358)"
1,021,Trash Can,Turf Trash Cans,Trash Can,5,"(37.7820728647,-122.425896017)"
1,023,Trash Can,Turf Trash Cans,Trash Can,5,"(37.7822352026,-122.424559961)"
1,024,Trash Can,Dog Play Area Trash Cans,Trash Can,3,"(37.7819010663,-122.426020929)"
1,025,Trash Can,Concrete Pathway Trash Cans,Trash Can,5,"(37.7819904398,-122.425874361)"
1,026,Trash Can,Turf Trash Cans,Trash Can,5,"(37.7815329268,-122.425236603)"
1,027,Trash Can,Turf Trash Cans,Trash Can,5,"(37.781774335,-122.425305916)"
1,028,Trash Can,Dog Play Area Trash Cans,Trash Can,3,"(37.7815696772,-122.426687419)"
1,029,Trash Can,Hardscaped Area Trash Can,Trash Can,3,"(37.7174804616,-122.470149003)"
1,030,Trash Can,Hardscaped Area Trash Can,Trash Can,3,"(37.7174863108,-122.470149158)"
1,063,Trash Can,CPA Trash Can "(30)",Trash Can,1,"(37.8015147285,-122.43167632)"
1,065,Trash Can,Tennis Court 3 Trash Can "(30)",Trash Can,1,"(37.8017949649,-122.431898045)"
1,068,Trash Can,Asphalt Pathway  30 Gallon Trash Can,Trash Can,10,"(37.8028784897,-122.432616619)"
1,069,Trash Can,Asphalt Pathway  30 Gallon Trash Can,Trash Can,10,"(37.8025566304,-122.432089939)"
1,073,Trash Can,Asphalt Pathway Sunset 55 Gallon Trash Can,Trash Can,1,"(37.8016634894,-122.432338474)"
1,074,Trash Can,Asphalt Pathway 30 Gallon Trash Can,Trash Can,3,"(37.8017000927,-122.432061775)"
1,076,Trash Can,Asphalt Pathway  30 Gallon Trash Can,Trash Can,10,"(37.8025072791,-122.433929511)"
1,077,Trash Can,Asphalt Pathway  30 Gallon Trash Can,Trash Can,10,"(37.8025066903,-122.433914858)"
1,078,Trash Can,Asphalt Pathway 55 Gallon Trash Can,Trash Can,5,"(37.8025069989,-122.433896044)"
1,079,Trash Can,Asphalt Pathway 55 Gallon Trash Can,Trash Can,5,"(37.8025080676,-122.433881432)"
1,080,Trash Can,Asphalt Pathway 55 Gallon Trash Can,Trash Can,5,"(37.8025083932,-122.433861574)"
1,085,Trash Can,Asphalt Pathway  30 Gallon Trash Can,Trash Can,10,"(37.8027731756,-122.433652021)"
1,086,Trash Can,Asphalt Pathway  30 Gallon Trash Can,Trash Can,10,"(37.8027599929,-122.43364645)"
1,087,Trash Can,Softball Field 3 Trash Can "(30)",Trash Can,2,"(37.80176877,-122.43357528)"
1,088,Trash Can,Softball Field 3 Trash Can "(30)",Trash Can,2,"(37.8016635075,-122.433417)"
1,091,Trash Can,Asphalt Pathway  Sunset Scav. 55 Gallon Trash Can,Trash Can,4,"(37.8014840617,-122.431900084)"
1,092,Trash Can,Asphalt Pathway  Sunset Scav. 55 Gallon Trash Can,Trash Can,4,"(37.8014944062,-122.431901661)"
1,093,Trash Can,Asphalt Pathway  Sunset Scav. 55 Gallon Trash Can,Trash Can,4,"(37.8015088767,-122.431904651)"
1,094,Trash Can,Asphalt Pathway  Sunset Scav. 55 Gallon Trash Can,Trash Can,4,"(37.8015212957,-122.431906281)"
1,095,Trash Can,Picnic Area Trash Can,Trash Can,2,"(37.8016137784,-122.433477136)"
1,105,Trash Can,Picnic Area Trash Can,Trash Can,2,"(37.8014886227,-122.433773189)"
1,106,Trash Can,Picnic Area Trash Can,Trash Can,2,"(37.8012787829,-122.433731127)"
1,107,Trash Can,Picnic Area Trash Can,Trash Can,2,"(37.801321749,-122.43332445)"
1,121,Trash Can,Turf Trash Cans,Trash Can,3,"(37.7962285863,-122.39666676)"
1,129,Trash Can,DPA Turf Trash Cans,Trash Can,3,"(37.7905951495,-122.438211561)"
1,130,Trash Can,Lawn Area Trashcan,Trash Can,8,"(37.7904358357,-122.438170933)"
1,134,Trash Can,DPA Turf Trash Cans,Trash Can,3,"(37.7907564934,-122.436807651)"
1,139,Trash Can,Lawn Area Trashcan,Trash Can,8,"(37.7913277246,-122.436535859)"
1,140,Trash Can,Lawn Area Trashcan,Trash Can,8,"(37.791794705,-122.436541958)"
1,141,Trash Can,Play Structure Trash Cans,Trash Can,3,"(37.7910524718,-122.438013802)"
1,142,Trash Can,Play Structure Trash Cans,Trash Can,3,"(37.7910536392,-122.437996568)"
1,143,Trash Can,Play Structure Trash Cans,Trash Can,3,"(37.7910558001,-122.437972675)"
1,147,Trash Can,Play Area Trash Cans,Trash Can,6,"(37.7908809387,-122.438546728)"
1,148,Trash Can,Play Area Trash Cans,Trash Can,6,"(37.790887608,-122.43855148)"
1,149,Trash Can,Play Area Trash Cans,Trash Can,6,"(37.7908924809,-122.438554877)"
1,150,Trash Can,Play Area Trash Cans,Trash Can,6,"(37.7908960584,-122.438558239)"
1,151,Trash Can,Play Area Trash Cans,Trash Can,6,"(37.7909001441,-122.43856227)"
1,152,Trash Can,Play Area Trash Cans,Trash Can,6,"(37.7909052567,-122.438566981)"
1,156,Trash Can,Lawn Area Trashcan,Trash Can,8,"(37.7905743498,-122.437003518)"
1,157,Trash Can,DPA Turf Trash Cans,Trash Can,3,"(37.790704319,-122.437182462)"
1,158,Trash Can,Lawn Area Trashcan,Trash Can,8,"(37.790874581,-122.43705178)"
1,224,Trash Can,Concrete Pathway Trash Cans,Trash Can,2,"(37.7429417473,-122.440325241)"
1,234,Trash Can,Concrete Pathway Trash Can,Trash Can,1,"(37.7976511671,-122.419238858)"
1,244,Trash Can,Children's Play Area Trash Cans,Trash Can,1,"(37.7087731657,-122.41360251)"
1,257,Trash Can,Concrete Pathway Trash Can,Trash Can,1,"(37.8065866866,-122.419021935)"
1,261,Trash Can,Tennis Court Trash Can,Trash Can,1,"(37.7847906349,-122.48496574)"
1,262,Trash Can,Paved Multi-use Play Area  2 Trash Can,Trash Can,2,"(37.7849593116,-122.484975056)"
1,263,Trash Can,Paved Multi-use Play Area  2 Trash Can,Trash Can,2,"(37.7850267917,-122.484762927)"
1,264,Trash Can,Picnic Area Trash Can,Trash Can,1,"(37.78499427,-122.484711578)"
1,265,Trash Can,Asphalt Pathway Trash Can,Trash Can,3,"(37.7850293256,-122.484725735)"
1,266,Trash Can,Asphalt Pathway Trash Can,Trash Can,3,"(37.7850304,-122.484718553)"
1,275,Trash Can,Asphalt Pathway Trash Can,Trash Can,3,"(37.7849043731,-122.484331337)"
1,277,Trash Can,Tot's Play Area Trash Can,Trash Can,1,"(37.7848444404,-122.484291554)"
1,301,Trash Can,Children's Play Area Trash Cans,Trash Can,2,"(37.7504862534,-122.406347783)"
1,302,Trash Can,Children's Play Area Trash Cans,Trash Can,2,"(37.7502530968,-122.406610863)"
1,304,Trash Can,Asphalt Pathway Trash Cans,Trash Can,3,"(37.749619645,-122.412539098)"
1,312,Trash Can,Children's Play Area Trash Cans,Trash Can,5,"(37.7580900386,-122.413239918)"
1,313,Trash Can,Children's Play Area Trash Cans,Trash Can,5,"(37.7580816581,-122.413239199)"
1,314,Trash Can,Children's Play Area Trash Cans,Trash Can,5,"(37.7580814224,-122.413229126)"
1,315,Trash Can,Children's Play Area Trash Cans,Trash Can,5,"(37.7580827847,-122.413219096)"
1,325,Trash Can,Turf Trash Cans,Trash Can,1,"(37.7335389935,-122.447073954)"
1,326,Trash Can,Asphalt Pathway Trash Cans,Trash Can,4,"(37.7335992191,-122.447395293)"
1,327,Trash Can,Asphalt Pathway Trash Cans,Trash Can,4,"(37.7337078437,-122.447691378)"
1,329,Trash Can,Asphalt Pathway Trash Cans,Trash Can,4,"(37.7338403778,-122.4483108)"
1,330,Trash Can,Asphalt Pathway Trash Cans,Trash Can,4,"(37.733448159,-122.448380234)"
1,331,Trash Can,Erle Field Trash Can,Trash Can,1,"(37.748094947,-122.49896275)"
1,333,Trash Can,Multi-Use Paved Playfield Trash Can,Trash Can,1,"(37.7478388261,-122.497650612)"
1,349,Trash Can,Asphalt Pathway Trash Cans,Trash Can,15,"(37.7913102192,-122.428593381)"
1,377,Trash Can,Dog Play Area Trash Cans,Trash Can,2,"(37.7917736646,-122.427488136)"
1,389,Trash Can,Asphalt Pathway Trash Cans,Trash Can,15,"(37.7910435642,-122.427347093)"
1,395,Trash Can,Concrete Pathway Trash Cans,Trash Can,5,"(37.7820055243,-122.425561804)"
1,396,Trash Can,Concrete Pathway Trash Cans,Trash Can,5,"(37.7823373529,-122.424496796)"
1,403,Trash Can,Concrete Pathway Trash Cans,Trash Can,5,"(37.7818988155,-122.425744777)"
1,405,Trash Can,Concrete Pathway Trash Cans,Trash Can,5,"(37.7820684036,-122.42564338)"
1,407,Trash Can,Asphalt Pathway Trash Cans,Trash Can,5,"(37.782337428,-122.435550883)"
1,409,Trash Can,Turf Trash Cans,Trash Can,1,"(37.7842049205,-122.435743588)"
1,410,Trash Can,Multi-Use Paved Play Area Trash Cans,Trash Can,2,"(37.784282217,-122.436151998)"
1,412,Trash Can,Children's Play Area 1 Trash Cans,Trash Can,1,"(37.7843140142,-122.435950121)"
1,414,Trash Can,Children's Play Area 2 Trash Cans,Trash Can,1,"(37.7844323543,-122.435371868)"
1,416,Trash Can,Turf Trash Cans,Trash Can,1,"(37.770404685,-122.4419903)"
1,417,Trash Can,Perennial Bed Trash Cans,Trash Can,9,"(37.7701178348,-122.442071922)"
1,418,Trash Can,Natural Area Trash Cans,Trash Can,5,"(37.770094927,-122.441126425)"
1,419,Trash Can,Natural Area Trash Cans,Trash Can,5,"(37.7698135104,-122.441883709)"
1,424,Trash Can,Perennial Bed Trash Cans,Trash Can,4,"(37.7463784215,-122.438179098)"
1,425,Trash Can,Perennial Bed Trash Cans,Trash Can,4,"(37.7479895936,-122.438303041)"
1,426,Trash Can,Perennial Bed Trash Cans,Trash Can,4,"(37.7479760945,-122.438301103)"
1,427,Trash Can,Perennial Bed Trash Cans,Trash Can,4,"(37.7479651123,-122.438299232)"
1,446,Trash Can,Natural Area Trash Cans,Trash Can,5,"(37.7699873934,-122.440193292)"
1,447,Trash Can,Perennial Bed Trash Cans,Trash Can,9,"(37.7693264655,-122.438958434)"
1,448,Trash Can,Perennial Bed Trash Cans,Trash Can,9,"(37.7690622036,-122.438836094)"
1,449,Trash Can,Perennial Bed Trash Cans,Trash Can,9,"(37.7692495336,-122.439535816)"
1,450,Trash Can,Perennial Bed Trash Cans,Trash Can,9,"(37.7682554422,-122.439634014)"
1,452,Trash Can,Non-Landscaped Greenspace Trash Cans,Trash Can,2,"(37.7687647508,-122.440520749)"
1,454,Trash Can,Perennial Bed Trash Cans,Trash Can,9,"(37.768297915,-122.440835274)"
1,455,Trash Can,Perennial Bed Trash Cans,Trash Can,9,"(37.7676624138,-122.4415222)"
1,456,Trash Can,Perennial Bed Trash Cans,Trash Can,9,"(37.7663197725,-122.442101326)"
1,457,Trash Can,Perennial Bed Trash Cans,Trash Can,9,"(37.767595065,-122.443092078)"
1,473,Trash Can,Concrete Hardscaped Area Trash Cans,Trash Can,3,"(37.7203779805,-122.432827319)"
1,474,Trash Can,Concrete Hardscaped Area Trash Cans,Trash Can,3,"(37.7206424067,-122.432700795)"
1,479,Trash Can,Picnic Area Trash Cans,Trash Can,1,"(37.7202994523,-122.43344781)"
1,480,Trash Can,Concrete Hardscaped Area Trash Cans,Trash Can,3,"(37.7200874163,-122.433434268)"
1,481,Trash Can,Children's Play Area 2 Trash Cans,Trash Can,1,"(37.7201683395,-122.433750678)"
1,490,Trash Can,Concrete Pathway Trash Cans,Trash Can,1,"(37.7805518975,-122.426966996)"
1,491,Trash Can,Multi-Use Paved Play Area Trash Cans,Trash Can,1,"(37.7807888424,-122.425575948)"
1,494,Trash Can,Asphalt Hardscaped Area Trash Cans,Trash Can,5,"(37.7348183411,-122.390020733)"
1,495,Trash Can,Asphalt Hardscaped Area Trash Cans,Trash Can,5,"(37.7348184506,-122.390013907)"
1,496,Trash Can,Asphalt Hardscaped Area Trash Cans,Trash Can,5,"(37.7348197861,-122.390008687)"
1,497,Trash Can,Asphalt Hardscaped Area Trash Cans,Trash Can,5,"(37.7348244416,-122.390004602)"
1,498,Trash Can,Asphalt Hardscaped Area Trash Cans,Trash Can,5,"(37.7348307982,-122.389998459)"
1,500,Trash Can,Multi-Use Paved Play Area Trash Can,Trash Can,2,"(37.75165849,-122.465194503)"
1,503,Trash Can,Tennis Court 3 Trash Can,Trash Can,1,"(37.7519454499,-122.464787659)"
1,507,Trash Can,Tennis Court 1 Trash Can,Trash Can,1,"(37.7519245362,-122.465298027)"
1,509,Trash Can,Tennis Court 1 Trash Cans,Trash Can,1,"(37.7660927944,-122.438238814)"
1,513,Trash Can,Brick Hardscape Area Trash Cans,Trash Can,4,"(37.7961080957,-122.396386463)"
1,514,Trash Can,Brick Hardscape Area Trash Cans,Trash Can,4,"(37.7961352466,-122.396362581)"
1,515,Trash Can,Brick Hardscape Area Trash Cans,Trash Can,4,"(37.7961652924,-122.396337787)"
1,516,Trash Can,Brick Hardscape Area Trash Cans,Trash Can,4,"(37.796194342,-122.396312624)"
1,519,Trash Can,Turf Trash Cans,Trash Can,3,"(37.7962059399,-122.396623946)"
1,520,Trash Can,Turf Trash Cans,Trash Can,3,"(37.796321052,-122.39616086)"
1,522,Trash Can,Concrete Pathway Trash Cans,Trash Can,7,"(37.7957731369,-122.397709291)"
1,523,Trash Can,Concrete Pathway Trash Cans,Trash Can,7,"(37.7957645165,-122.397706572)"
1,524,Trash Can,Concrete Pathway Trash Cans,Trash Can,7,"(37.7956611684,-122.397861684)"
1,530,Trash Can,Concrete Pathway Trash Cans,Trash Can,7,"(37.7957783995,-122.397648564)"
1,550,Trash Can,Multi-Use Paved Area Trash Can,Trash Can,2,"(37.7935241409,-122.406949805)"
1,551,Trash Can,Multi-Use Paved Area Trash Can,Trash Can,2,"(37.7936227593,-122.407095486)"
1,596,Trash Can,Parking Lot Trash Can,Trash Can,2,"(37.736032788,-122.478563427)"
1,597,Trash Can,Parking Lot Trash Can,Trash Can,2,"(37.7359959601,-122.478357321)"
1,600,Trash Can,Turf Trash Cans,Trash Can,3,"(37.7472280389,-122.411091814)"
1,603,Trash Can,Asphalt Pathway  30 Gallon Trash Can,Trash Can,10,"(37.8015011698,-122.433859121)"
1,606,Trash Can,Asphalt Pathway 55 Gallon Trash Can,Trash Can,5,"(37.8012501521,-122.434265827)"
1,607,Trash Can,Asphalt Pathway 55 Gallon Trash Can,Trash Can,5,"(37.8012393427,-122.43426194)"
1,608,Trash Can,Asphalt Pathway  30 Gallon Trash Can,Trash Can,10,"(37.8012218618,-122.434176384)"
1,609,Trash Can,Asphalt Pathway  30 Gallon Trash Can,Trash Can,10,"(37.8012003949,-122.434508295)"
1,614,Trash Can,Tennis Court 2 Trash Can "(30)",Trash Can,1,"(37.8018116854,-122.434049377)"
1,617,Trash Can,Tennis Court 1 Sunset Trash Can "(50)",Trash Can,1,"(37.8019230963,-122.434457745)"
1,618,Trash Can,Basketball Court 1 Trash Can "(30)",Trash Can,1,"(37.8021701734,-122.434502538)"
1,619,Trash Can,Basketball Court 1 Trash Can "(50)",Trash Can,1,"(37.8021586291,-122.434499498)"
1,621,Trash Can,Asphalt Pathway 30 Gallon Trash Can,Trash Can,3,"(37.8022086562,-122.434295792)"
1,623,Trash Can,Asphalt Pathway 30 Gallon Trash Can,Trash Can,3,"(37.802399962,-122.434366769)"
1,626,Trash Can,Asphalt Pathway  30 Gallon Trash Can,Trash Can,10,"(37.8022543479,-122.431754226)"
1,638,Trash Can,24th & York Trash Cans,Trash Can,2,"(37.7530637691,-122.408605725)"
1,639,Trash Can,24th & York Trash Cans,Trash Can,2,"(37.7529343352,-122.408528814)"
1,646,Trash Can,Shrubbery Trash Cans,Trash Can,2,"(37.7101856977,-122.397973707)"
1,647,Trash Can,Shrubbery Trash Cans,Trash Can,2,"(37.7101794485,-122.397975226)"
1,651,Trash Can,Concrete Pathway Trash Cans,Trash Can,1,"(37.7100750036,-122.39805539)"
1,652,Trash Can,Perennial Bed Trash Cans,Trash Can,1,"(37.7099250145,-122.398119838)"
1,670,Trash Can,Children's Play Area 2 Trash Cans,Trash Can,3,"(37.7223315373,-122.414239022)"
1,671,Trash Can,Children's Play Area 2 Trash Cans,Trash Can,3,"(37.7223158794,-122.414237693)"
1,672,Trash Can,Children's Play Area 2 Trash Cans,Trash Can,3,"(37.7223455669,-122.414240336)"
1,676,Trash Can,Concrete Pathway Trash Cans,Trash Can,3,"(37.7217716055,-122.413867853)"
1,677,Trash Can,Concrete Pathway Trash Cans,Trash Can,3,"(37.7217712854,-122.41385638)"
1,678,Trash Can,Concrete Pathway Trash Cans,Trash Can,3,"(37.7217272105,-122.413766715)"
1,684,Trash Can,Children's Play Area 1 Trash Cans,Trash Can,1,"(37.7223669363,-122.412941191)"
1,687,Trash Can,Softball Field 2 Trash Cans,Trash Can,1,"(37.7235236827,-122.413200354)"
1,705,Trash Can,Stairway Trash Can,Trash Can,1,"(37.7502978916,-122.468685819)"
1,711,Trash Can,Multi-Use Paved Play Area Trash Can,Trash Can,2,"(37.7516600757,-122.465185671)"
1,719,Trash Can,Hardscaped Area Trash Can,Trash Can,3,"(37.7174721055,-122.470148782)"
1,725,Trash Can,Children's Play Area Trash Cans,Trash Can,3,"(37.8022421691,-122.412442148)"
1,726,Trash Can,Children's Play Area Trash Cans,Trash Can,3,"(37.8022675253,-122.412230642)"
1,727,Trash Can,Children's Play Area Trash Cans,Trash Can,3,"(37.8022173298,-122.412185669)"
1,743,Trash Can,Multi-Use Play Area Trash Can,Trash Can,1,"(37.7325788559,-122.402296571)"
1,768,Trash Can,Picnic Area 1 Trash Cans,Trash Can,1,"(37.7378725906,-122.419684518)"
1,772,Trash Can,Perennial Bed Trash Cans,Trash Can,2,"(37.7371294256,-122.419016702)"
1,776,Trash Can,Restroom/Pump Storage Room Trash Cans,Trash Can,2,"(37.7371504335,-122.420566847)"
1,777,Trash Can,Restroom/Pump Storage Room Trash Cans,Trash Can,2,"(37.7370907164,-122.420607441)"
1,779,Trash Can,Hardscaped Area Trash Cans,Trash Can,3,"(37.7922480309,-122.412208224)"
1,780,Trash Can,Hardscaped Area Trash Cans,Trash Can,3,"(37.7922013943,-122.41206944)"
1,781,Trash Can,Hardscaped Area Trash Cans,Trash Can,3,"(37.7920952975,-122.412123324)"
1,782,Trash Can,Hardscape Area Perimeter Trash Cans,Trash Can,4,"(37.7918516112,-122.412131779)"
1,783,Trash Can,Hardscape Area Perimeter Trash Cans,Trash Can,4,"(37.7921616595,-122.412395604)"
1,784,Trash Can,Turf Trash Can,Trash Can,3,"(37.7923463666,-122.412315153)"
1,785,Trash Can,Turf Trash Can,Trash Can,3,"(37.7923644594,-122.412169995)"
1,786,Trash Can,Turf Trash Can,Trash Can,3,"(37.7923763942,-122.412057735)"
1,787,Trash Can,Hardscape Area Perimeter Trash Cans,Trash Can,4,"(37.792505305,-122.412218765)"
1,788,Trash Can,Hardscape Area Perimeter Trash Cans,Trash Can,4,"(37.7921775963,-122.411936696)"
1,807,Trash Can,Turf Trash Cans,Trash Can,6,"(37.7646037926,-122.398917691)"
1,813,Trash Can,Softball Field Trash Cans,Trash Can,2,"(37.7421913495,-122.427159714)"
1,816,Trash Can,Trash Cans,Trash Can,19,"(37.777002402,-122.434350557)"
1,821,Trash Can,Trash Cans,Trash Can,19,"(37.7769912644,-122.434760876)"
1,823,Trash Can,Trash Cans,Trash Can,19,"(37.7761297942,-122.43411698)"
1,849,Trash Can,Tennis Court Trash Cans,Trash Can,1,"(37.7425186701,-122.428085985)"
1,856,Trash Can,Children's Play Area Trash Cans,Trash Can,1,"(37.7426158673,-122.428213475)"
1,859,Trash Can,Hardscape Trash Can,Trash Can,5,"(37.7423487609,-122.428322392)"
1,860,Trash Can,Hardscape Trash Can,Trash Can,5,"(37.7423515318,-122.42829686)"
1,861,Trash Can,Hardscape Trash Can,Trash Can,5,"(37.7423532229,-122.428206845)"
1,862,Trash Can,Hardscape Trash Can,Trash Can,5,"(37.7423586704,-122.428100577)"
1,863,Trash Can,Hardscape Trash Can,Trash Can,5,"(37.7423572618,-122.428128061)"
1,891,Trash Can,Turf Trash Cans,Trash Can,1,"(37.7844531501,-122.437880431)"
1,904,Bench,Tennis Court 1 Trash Cans,Trash Can,1,"(37.7844486443,-122.436159017)"
1,924,Trash Can,Concrete Pathway Trash Can,Trash Can,4,"(37.7700691004,-122.435017273)"
1,926,Trash Can,Concrete Pathway Trash Can,Trash Can,4,"(37.7692679483,-122.434829873)"
1,946,Trash Can,Concrete Hardscaped Area Trash Can,Trash Can,15,"(37.7878132681,-122.407417138)"
1,947,Trash Can,Concrete Hardscaped Area Trash Can,Trash Can,15,"(37.7877522265,-122.407404251)"
1,956,Trash Can,Concrete Hardscaped Area Trash Can,Trash Can,15,"(37.7878515456,-122.407120728)"
1,958,Trash Can,Concrete Hardscaped Area Trash Can,Trash Can,15,"(37.7877950191,-122.407081202)"
1,961,Trash Can,Concrete Hardscaped Area Trash Can,Trash Can,15,"(37.7876198442,-122.407156969)"
1,962,Trash Can,Concrete Hardscaped Area Trash Can,Trash Can,15,"(37.787642948,-122.406990857)"
1,964,Trash Can,Concrete Hardscaped Area Trash Can,Trash Can,15,"(37.7878860117,-122.407009448)"
1,972,Trash Can,Softball Field Trash Cans,Trash Can,2,"(37.742180715,-122.427182754)"
1,978,Trash Can,Natural Area Trash Cans,Trash Can,2,"(37.7377058872,-122.440772002)"
1,979,Trash Can,Natural Area Trash Cans,Trash Can,2,"(37.7379402922,-122.440850879)"
2,001,Trash Can,Turf Trash Cans,Trash Can,1,"(37.7375442683,-122.420759234)"
2,006,Trash Can,Perennial Bed Trash Cans,Trash Can,2,"(37.7372800777,-122.419379216)"
2,027,Trash Can,Tennis Court 2 Trash Cans,Trash Can,1,"(37.8017279341,-122.42006269)"
2,030,Trash Can,Tennis Court 1 Trash Cans,Trash Can,1,"(37.8015709134,-122.420438249)"
2,033,Trash Can,Tennis Court 3 Trash Cans,Trash Can,1,"(37.801643563,-122.419814612)"
2,036,Trash Can,Basketball Court Trash Cans,Trash Can,1,"(37.8013676866,-122.420187849)"
2,101,Trash Can,Annex Bathroom Trash Can,Trash Can,1,"(37.7779885131,-122.45769265)"
2,104,Trash Can,Lawn Area Trash Can,Trash Can,2,"(37.7781965802,-122.458062059)"
2,117,Trash Can,Tennis Court 1 Trash Can,Trash Can,1,"(37.7791400841,-122.458114462)"
2,123,Trash Can,Lawn Area Trash Can,Trash Can,2,"(37.779277046,-122.457030198)"
2,137,Trash Can,Tennis Court Trash Can,Trash Can,9,"(37.7696607416,-122.459599725)"
2,138,Trash Can,Tennis Court Trash Can,Trash Can,9,"(37.7696859057,-122.458934214)"
2,154,Trash Can,Lawn Area Trash Can,Trash Can,2,"(37.7799700302,-122.464956625)"
2,180,Trash Can,Lawn Area Trash Can,Trash Can,2,"(37.7799808956,-122.464934334)"
2,198,Trash Can,Asphalt Pathway Trash Cans,Trash Can,6,"(37.7370198956,-122.440766464)"
2,199,Trash Can,Asphalt Pathway Trash Cans,Trash Can,6,"(37.7368872259,-122.440729309)"
2,200,Trash Can,Children's Play Area Trash Cans,Trash Can,1,"(37.7369165311,-122.440681272)"
2,210,Trash Can,Asphalt Pathway Trash Cans,Trash Can,6,"(37.7370637991,-122.441066693)"
2,211,Trash Can,Asphalt Pathway Trash Cans,Trash Can,6,"(37.7370535123,-122.441062987)"
2,212,Trash Can,Asphalt Pathway Trash Cans,Trash Can,6,"(37.7370456447,-122.441061446)"
2,213,Trash Can,Asphalt Pathway Trash Cans,Trash Can,6,"(37.7370319082,-122.441057401)"
2,214,Trash Can,Ballfield 2 Trash Cans,Trash Can,4,"(37.7361549767,-122.441245037)"
2,216,Trash Can,Ballfield 2 Trash Cans,Trash Can,4,"(37.7363760257,-122.441394502)"
2,217,Trash Can,Ballfield 2 Trash Cans,Trash Can,4,"(37.7363545883,-122.441402206)"
2,218,Trash Can,Ballfield 2 Trash Cans,Trash Can,4,"(37.7364639812,-122.44135221)"
2,221,Trash Can,Silver Tree Day Camp Grounds Trash Cans,Trash Can,1,"(37.7407295035,-122.44217606)"
2,248,Trash Can,Tennis Court 1 Trash Cans,Trash Can,1,"(37.7912405576,-122.454840976)"
2,249,Trash Can,Concrete Pathway Trash Cans,Trash Can,2,"(37.7908781935,-122.45383675)"
2,250,Trash Can,Concrete Pathway Trash Cans,Trash Can,2,"(37.7908659527,-122.453831281)"
2,251,Trash Can,Asphalt Pathway Trash Cans,Trash Can,1,"(37.7908498776,-122.454053005)"
2,254,Trash Can,Trash Can 3,Trash Can,1,"(37.7868943642,-122.466884613)"
2,255,Trash Can,Trash Can 4,Trash Can,1,"(37.78688794,-122.466884198)"
2,258,Trash Can,Trash Can 5,Trash Can,1,"(37.7874606102,-122.469256131)"
2,262,Trash Can not found,Trash Can 6,Trash Can,1,"(37.7874694735,-122.469364439)"
2,265,Trash Can,DG Path Trash Can,Trash Can,2,"(37.7872496605,-122.47124944)"
2,266,Trash Can,DG Path Trash Can,Trash Can,2,"(37.7872502953,-122.471211471)"
2,271,Trash Can,Trash Can 7,Trash Can,1,"(37.7868653549,-122.470429408)"
2,279,Trash Can,CPA Trash Can 1,Trash Can,1,"(37.7868063422,-122.471337725)"
2,280,Trash Can,CPA Trash Can 2,Trash Can,1,"(37.7868085534,-122.471310206)"
2,285,Trash Can,Trash Can 1,Trash Can,1,"(37.7869606026,-122.471692404)"
2,286,Trash Can,Trash Can 2,Trash Can,1,"(37.7869904193,-122.471694906)"
2,289,Trash Can,Shrubbery Trash Can,Trash Can,1,"(37.7867453343,-122.471339846)"
2,290,Trash Can not found,Trash Can 8,Trash Can,1,"(37.7871984818,-122.471633787)"
2,319,Trash Can,Softball Field 2 Trash Can,Trash Can,1,"(37.7376243739,-122.498681219)"
2,366,Trash Can,Multi-Use Paved Play Area Trash Cans,Trash Can,1,"(37.7576700004,-122.415172851)"
2,367,Trash Can,Paved Soccer Pitch Trash Cans,Trash Can,1,"(37.7573885425,-122.415137013)"
2,369,Trash Can,Tennis Court Trash Cans,Trash Can,1,"(37.7575050152,-122.41555038)"
2,371,Trash Can,Non-Landscaped Greenspace Trash Cans,Trash Can,2,"(37.7660578175,-122.442417293)"
2,385,Trash Can,Asphalt Pathway Trash Can,Trash Can,2,"(37.7697684046,-122.442080343)"
2,386,Trash Can,Asphalt Pathway Trash Can,Trash Can,2,"(37.7698358243,-122.442015843)"
2,392,Trash Can,Natural Area Trash Cans,Trash Can,5,"(37.7699761548,-122.441601464)"
2,393,Trash Can,Natural Area Trash Cans,Trash Can,5,"(37.769982802,-122.441581726)"
2,398,Trash Can,Asphalt Pathway Trash Can,Trash Can,2,"(37.7699750939,-122.440130024)"
2,399,Trash Can,Asphalt Pathway Trash Can,Trash Can,2,"(37.7699753887,-122.440112113)"
2,409,Trash Can,Lang Field 1 Trash Cans,Trash Can,2,"(37.7812002518,-122.424989042)"
2,413,Trash Can,Lang Field 1 Trash Cans,Trash Can,2,"(37.7811690787,-122.425231057)"
2,414,Trash Can,Hardscaped Area Trash Cans,Trash Can,2,"(37.7810524797,-122.425303487)"
2,422,Trash Can,Turf Trash Cans,Trash Can,1,"(37.7808269529,-122.425378581)"
2,425,Trash Can,Hardscaped Area Trash Cans,Trash Can,2,"(37.7805382209,-122.425481874)"
2,436,Trash Can,Basketball Court 1 Trash Cans,Trash Can,1,"(37.7805024714,-122.426050314)"
2,444,Trash Can,Tennis Court 2 Trash Cans,Trash Can,1,"(37.7808207028,-122.426632891)"
2,451,Trash Can,Tennis Court 1 Trash Cans,Trash Can,1,"(37.7809959379,-122.427022713)"
2,463,Trash Can,Concrete Hardscaped Area Trash Can,Trash Can,15,"(37.7882090772,-122.40713094)"
2,466,Trash Can,Concrete Hardscaped Area Trash Can,Trash Can,15,"(37.7882073185,-122.407492089)"
2,473,Trash Can,Concrete Hardscaped Area Trash Can,Trash Can,15,"(37.7881893957,-122.407640841)"
2,481,Trash Can,Concrete Hardscaped Area Trash Can,Trash Can,15,"(37.7882287009,-122.408038033)"
2,484,Trash Can,Concrete Hardscaped Area Trash Can,Trash Can,15,"(37.7877647632,-122.407891309)"
2,485,Trash Can,Concrete Hardscaped Area Trash Can,Trash Can,15,"(37.7876941599,-122.407863769)"
2,486,Trash Can,Concrete Hardscaped Area Trash Can,Trash Can,15,"(37.7875377601,-122.407889593)"
2,488,Trash Can,Concrete Hardscaped Area Trash Can,Trash Can,15,"(37.7877321207,-122.407536481)"
2,531,Trash Can,Upper Reservoir Parking Lot Trash Can,Trash Can,1,"(37.7204295403,-122.417341885)"
2,532,Trash Can,Jerry Garcia Turf Trash Can,Trash Can,1,"(37.7206466639,-122.417307588)"
2,541,Trash Can,Upper Reservoir Picnic Area Trash Can,Trash Can,7,"(37.721830418,-122.420841199)"
2,542,Trash Can,Upper Reservoir Picnic Area Trash Can,Trash Can,7,"(37.7218191177,-122.420836159)"
2,543,Trash Can,Upper Reservoir Picnic Area Trash Can,Trash Can,7,"(37.7218068305,-122.420830679)"
2,551,Trash Can,Upper Reservoir Picnic Area Trash Can,Trash Can,7,"(37.7216922949,-122.420339912)"
2,552,Trash Can,Upper Reservoir Picnic Area Trash Can,Trash Can,7,"(37.7216909178,-122.420323273)"
2,553,Trash Can,Upper Reservoir Picnic Area Trash Can,Trash Can,7,"(37.721691256,-122.420302527)"
2,555,Trash Can,Upper Reservoir Parking Lot Trash Can,Trash Can,1,"(37.7219620712,-122.423191708)"
2,556,Trash Can,West Asphalt Pathway Trash Cans,Trash Can,1,"(37.7231149338,-122.424464516)"
2,572,Trash Can,Upper Reservoir Picnic Area Trash Can,Trash Can,7,"(37.721620549,-122.422180953)"
2,594,Trash Can,Asphalt Pathway Trash Cans,Trash Can,3,"(37.734471557,-122.376092144)"
2,595,Trash Can,Asphalt Pathway Trash Cans,Trash Can,3,"(37.7337173473,-122.376293038)"
2,596,Trash Can,Asphalt Pathway Trash Cans,Trash Can,3,"(37.7337507125,-122.37628175)"
2,600,Trash Can,Turf Trash Cans,Trash Can,3,"(37.7472220949,-122.410835367)"
2,605,Trash Can,Picnic Area Trash Cans,Trash Can,3,"(37.7470636583,-122.410814932)"
2,606,Trash Can,Picnic Area Trash Cans,Trash Can,3,"(37.7470536777,-122.410807405)"
2,607,Trash Can,Picnic Area Trash Cans,Trash Can,3,"(37.7470429893,-122.41079895)"
2,615,Trash Can,Concrete Pathway Trash Cans,Trash Can,3,"(37.746944475,-122.411578023)"
2,621,Trash Can,Turf Trash Cans,Trash Can,3,"(37.7468942721,-122.412403779)"
2,630,Trash Can,Concrete Pathway Trash Cans,Trash Can,3,"(37.7468711339,-122.413411888)"
2,631,Trash Can,Concrete Pathway Trash Cans,Trash Can,3,"(37.7468737956,-122.413398435)"
2,647,Trash Can,Turf Trash Cans,Trash Can,1,"(37.7855005233,-122.442440674)"
2,664,Trash Can,Shrubbery Trash Cans,Trash Can,1,"(37.7865951722,-122.432329724)"
2,665,Trash Can,Non-Landscaped Greenspace Trash Can,Trash Can,1,"(37.7863428153,-122.432258707)"
2,668,Trash Can,Mulch Pathway Trash Cans,Trash Can,1,"(37.7624873522,-122.406103669)"
2,669,Trash Can,Corwin Community Garden Trash Cans,Trash Can,1,"(37.7573640595,-122.440194014)"
2,678,Trash Can,Asphalt Path Trash Cans,Trash Can,1,"(37.7964875513,-122.417497076)"
2,681,Trash Can,Children's Play Area Trash Can,Trash Can,1,"(37.7127242399,-122.408987268)"
2,686,Trash Can,Softball Field Trash Cans,Trash Can,3,"(37.7913142993,-122.452232296)"
2,687,Trash Can,Softball Field Trash Cans,Trash Can,3,"(37.7913043527,-122.45222815)"
2,688,Trash Can,Softball Field Trash Cans,Trash Can,3,"(37.7912905711,-122.452222933)"
2,697,Trash Can,Picnic Area Trash Cans,Trash Can,2,"(37.7912618067,-122.453640665)"
2,698,Trash Can,Picnic Area Trash Cans,Trash Can,2,"(37.7912717895,-122.453639961)"
2,701,Trash Can,Children's Play Area Trash Cans,Trash Can,2,"(37.791150074,-122.453932958)"
2,702,Trash Can,Children's Play Area Trash Cans,Trash Can,2,"(37.7909557173,-122.453876135)"
2,705,Trash Can,Tennis Court 4 Trash Cans,Trash Can,1,"(37.7911529938,-122.454221028)"
2,706,Trash Can,Basketball Court Trash Cans,Trash Can,1,"(37.7912852056,-122.454325054)"
2,708,Trash Can,Tennis Court 2 Trash Cans,Trash Can,1,"(37.7913326893,-122.454554928)"
2,711,Trash Can,Children's Play Area Trash Cans,Trash Can,1,"(37.7590241115,-122.418358201)"
2,717,Trash Can,DG Pathways Trash Cans,Trash Can,2,"(37.7589944559,-122.418204327)"
2,723,Trash Can,DG Pathways Trash Cans,Trash Can,2,"(37.7588685479,-122.418230713)"
2,727,Trash Can,Concrete Pathway Trash Cans,Trash Can,5,"(37.7545845268,-122.41337355)"
2,737,Trash Can,Concrete Pathway Trash Cans,Trash Can,5,"(37.754537849,-122.413527642)"
2,740,Trash Can,Children's Play Area Trash Cans,Trash Can,1,"(37.7544629291,-122.413783486)"
2,756,Trash Can,Concrete Pathway Trash Cans,Trash Can,5,"(37.7543094587,-122.413707007)"
2,758,Trash Can,Ramp Trash Can,Trash Can,1,"(37.754243905,-122.414026879)"
2,759,Trash Can,Concrete Pathway Trash Cans,Trash Can,5,"(37.7542824787,-122.413830393)"
2,760,Trash Can,Concrete Pathway Trash Cans,Trash Can,5,"(37.7542823227,-122.413840001)"
2,765,Trash Can,Shrubbery Trash Cans,Trash Can,1,"(37.7492260792,-122.422408239)"
2,769,Trash Can,Concrete Pathway Trash Cans,Trash Can,1,"(37.7497173232,-122.42176614)"
2,772,Trash Can,Children's Play Area Trash Cans,Trash Can,1,"(37.795909491,-122.410456092)"
2,774,Trash Can,Concrete Hardscaped Area Trash Cans,Trash Can,2,"(37.7958101445,-122.410459791)"
2,785,Trash Can,Concrete Hardscaped Area Trash Cans,Trash Can,2,"(37.7958738844,-122.410421864)"
2,788,Trash Can,Perennial Bed Trash Cans,Trash Can,2,"(37.7959786096,-122.410275402)"
2,791,Trash Can,Perennial Bed Trash Cans,Trash Can,2,"(37.7959629284,-122.410375095)"
2,797,Trash Can,Perennial Bed Trash Cans,Trash Can,3,"(37.765520536,-122.410170579)"
2,798,Trash Can,Perennial Bed Trash Cans,Trash Can,3,"(37.7655436847,-122.409788933)"
2,799,Trash Can,Asphalt Pathway Trash Cans,Trash Can,2,"(37.7654458555,-122.409779494)"
2,800,Trash Can,Turf Trash Cans,Trash Can,7,"(37.7654989179,-122.409301493)"
2,801,Trash Can,Turf Trash Cans,Trash Can,7,"(37.7654397229,-122.409289998)"
2,802,Trash Can,Asphalt Pathway Trash Cans,Trash Can,2,"(37.7654530188,-122.408809774)"
2,803,Trash Can,Turf Trash Cans,Trash Can,7,"(37.7650044413,-122.40866794)"
2,804,Trash Can,Turf Trash Cans,Trash Can,7,"(37.7648036808,-122.408842303)"
2,805,Trash Can,Turf Trash Cans,Trash Can,7,"(37.7647979174,-122.409258745)"
2,806,Trash Can,Turf Trash Cans,Trash Can,7,"(37.7648084312,-122.409082243)"
2,807,Trash Can,Turf Trash Cans,Trash Can,7,"(37.7647041479,-122.408754972)"
2,811,Trash Can,Picnic Area Trash Cans,Trash Can,2,"(37.7646039766,-122.409688426)"
2,812,Trash Can,Picnic Area Trash Cans,Trash Can,2,"(37.7645846069,-122.409538443)"
2,816,Trash Can,Perennial Bed Trash Cans,Trash Can,3,"(37.7654261573,-122.410343615)"
2,817,Trash Can,Multi-Use Paved Play Areas Trash Cans,Trash Can,3,"(37.7849311863,-122.415504773)"
2,819,Trash Can,Multi-Use Paved Play Areas Trash Cans,Trash Can,3,"(37.7847297107,-122.415397151)"
2,820,Trash Can,Multi-Use Paved Play Areas Trash Cans,Trash Can,3,"(37.7847763432,-122.415091077)"
2,821,Trash Can,Preschool Children's Play Area Trash Cans,Trash Can,2,"(37.7828165285,-122.415905587)"
2,822,Trash Can,Preschool Children's Play Area Trash Cans,Trash Can,2,"(37.7826918922,-122.415902371)"
2,823,Trash Can,Children's Play Area Trash Cans,Trash Can,2,"(37.7855174301,-122.418151328)"
2,825,Trash Can,Children's Play Area Trash Cans,Trash Can,2,"(37.7852765465,-122.418206362)"
2,826,Trash Can,Perennial Bed Trash Cans,Trash Can,2,"(37.7853811437,-122.41808558)"
2,827,Trash Can,Perennial Bed Trash Cans,Trash Can,2,"(37.7854188602,-122.418091415)"
2,828,Trash Can,Concrete Pathway Trash Cans,Trash Can,3,"(37.7786025695,-122.406517676)"
2,829,Trash Can,Perennial Bed Trash Cans,Trash Can,1,"(37.7786281966,-122.406365302)"
2,831,Trash Can,Concrete Pathway Trash Cans,Trash Can,3,"(37.7785440591,-122.40611829)"
2,832,Trash Can,Turf Trash Cans,Trash Can,1,"(37.7783216819,-122.406244973)"
2,833,Trash Can,Concrete Pathway Trash Cans,Trash Can,3,"(37.7785909962,-122.406010593)"
2,835,Trash Can,Turf Trash Cans,Trash Can,13,"(37.7820373371,-122.393461404)"
2,836,Trash Can,Turf Trash Cans,Trash Can,13,"(37.7819276986,-122.393617219)"
2,837,Trash Can,Turf Trash Cans,Trash Can,13,"(37.7818071601,-122.393784568)"
2,839,Trash Can,Turf Trash Cans,Trash Can,13,"(37.7817119203,-122.393960998)"
2,841,Trash Can,Turf Trash Cans,Trash Can,13,"(37.7816303418,-122.394013054)"
2,842,Trash Can,Turf Trash Cans,Trash Can,13,"(37.7815929641,-122.394138706)"
2,843,Trash Can,Turf Trash Cans,Trash Can,13,"(37.7815887142,-122.393794184)"
2,844,Trash Can,Turf Trash Cans,Trash Can,13,"(37.7814682306,-122.393958158)"
2,845,Trash Can,Turf Trash Cans,Trash Can,13,"(37.7814054866,-122.394029113)"
2,852,Trash Can,Turf Trash Cans,Trash Can,13,"(37.7814190141,-122.394270748)"
2,853,Trash Can,Turf Trash Cans,Trash Can,13,"(37.7813448298,-122.394386969)"
2,854,Trash Can,Turf Trash Cans,Trash Can,13,"(37.7812586238,-122.394501197)"
2,855,Trash Can,Turf Trash Cans,Trash Can,13,"(37.7811505009,-122.394562558)"
2,858,Trash Can,Brick Pathway Trash Cans,Trash Can,10,"(37.7847139253,-122.411690325)"
2,859,Trash Can,Brick Pathway Trash Cans,Trash Can,10,"(37.7846200454,-122.411779499)"
2,861,Trash Can,Brick Pathway Trash Cans,Trash Can,10,"(37.7843323638,-122.412087572)"
2,862,Trash Can,Brick Pathway Trash Cans,Trash Can,10,"(37.7842662367,-122.412180852)"
2,863,Trash Can,Brick Pathway Trash Cans,Trash Can,10,"(37.7843785317,-122.412173566)"
2,864,Trash Can,Brick Pathway Trash Cans,Trash Can,10,"(37.7842875418,-122.412361189)"
2,865,Trash Can,Brick Pathway Trash Cans,Trash Can,10,"(37.784241976,-122.412348708)"
2,866,Trash Can,Brick Pathway Trash Cans,Trash Can,10,"(37.7842320736,-122.412295308)"
2,867,Trash Can,Brick Pathway Trash Cans,Trash Can,10,"(37.7841495429,-122.412403996)"
2,868,Trash Can,Brick Pathway Trash Cans,Trash Can,10,"(37.7841918344,-122.412286358)"
2,870,Trash Can,Concrete Pathway Trash Cans,Trash Can,2,"(37.7786900158,-122.418042397)"
2,871,Trash Can,Hardscaped Area Trash Cans,Trash Can,19,"(37.7790471974,-122.418135966)"
2,872,Trash Can,Hardscaped Area Trash Cans,Trash Can,19,"(37.7791366312,-122.417815906)"
2,873,Trash Can,Hardscaped Area Trash Cans,Trash Can,19,"(37.7787726925,-122.417679034)"
2,874,Trash Can,DG Paths Trash Cans,Trash Can,2,"(37.7788887413,-122.417164037)"
2,875,Trash Can,Hardscaped Area Trash Cans,Trash Can,19,"(37.7791835386,-122.417288647)"
2,877,Trash Can,DG Paths Trash Cans,Trash Can,2,"(37.7791916472,-122.417065786)"
2,878,Trash Can,Concrete Pathway Trash Cans,Trash Can,2,"(37.7792509977,-122.416934488)"
2,881,Trash Can,Hardscaped Area Trash Cans,Trash Can,19,"(37.7792781452,-122.418032256)"
2,882,Trash Can,Turf Trash Cans,Trash Can,3,"(37.7793689881,-122.417604439)"
2,883,Trash Can,Turf Trash Cans,Trash Can,3,"(37.7793372177,-122.417287477)"
2,884,Trash Can,Hardscaped Area Trash Cans,Trash Can,19,"(37.7795681125,-122.418089529)"
2,885,Trash Can,Hardscaped Area Trash Cans,Trash Can,19,"(37.7795788624,-122.417624833)"
2,886,Trash Can,Hardscaped Area Trash Cans,Trash Can,19,"(37.7797128645,-122.418250965)"
2,887,Trash Can,Hardscaped Area Trash Cans,Trash Can,19,"(37.780098842,-122.418323296)"
2,888,Trash Can,Hardscaped Area Trash Cans,Trash Can,19,"(37.7801241072,-122.418097774)"
2,889,Trash Can,Hardscaped Area Trash Cans,Trash Can,19,"(37.7797494985,-122.417949825)"
2,890,Trash Can,Turf Trash Can,Trash Can,3,"(37.7266264544,-122.500790826)"
2,891,Trash Can,Turf Trash Can,Trash Can,3,"(37.7266092194,-122.500818505)"
2,892,Trash Can,Turf Trash Can,Trash Can,3,"(37.7266315618,-122.500819107)"
2,901,Trash Can,Asphalt Pathway Trash Can,Trash Can,3,"(37.7254831977,-122.499669402)"
2,902,Trash Can,Asphalt Pathway Trash Can,Trash Can,3,"(37.7254933148,-122.499655979)"
2,914,Trash Can,Concrete Hardscaped Area Trash Cans,Trash Can,1,"(37.7641993863,-122.420258579)"
2,929,Trash Can,Hardscaped Area Trash Cans,Trash Can,19,"(37.7800968177,-122.417987971)"
2,930,Trash Can,Hardscaped Area Trash Cans,Trash Can,19,"(37.7801172703,-122.417638647)"
2,931,Trash Can,Hardscaped Area Trash Cans,Trash Can,19,"(37.7799111281,-122.417350336)"
2,933,Trash Can,Hardscaped Area Trash Cans,Trash Can,19,"(37.7799286828,-122.417440223)"
2,934,Trash Can,Hardscaped Area Trash Cans,Trash Can,19,"(37.7801363898,-122.417825233)"
2,935,Trash Can,Hardscaped Area Trash Cans,Trash Can,19,"(37.7798804439,-122.417140223)"
2,936,Trash Can,Hardscaped Area Trash Cans,Trash Can,19,"(37.7801241135,-122.417389288)"
2,937,Trash Can,Turf Trash Cans,Trash Can,3,"(37.7796625152,-122.417174706)"
2,939,Trash Can,Concrete Pathway Trash Can,Trash Can,2,"(37.7095537495,-122.446684478)"
2,967,Trash Can,Concrete Hardscaped Area Trash Cans,Trash Can,3,"(37.7959347066,-122.420474612)"
2,973,Trash Can,Concrete Hardscaped Area Trash Cans,Trash Can,3,"(37.7957081616,-122.420710688)"
2,974,Trash Can,Concrete Hardscaped Area Trash Cans,Trash Can,3,"(37.7959147198,-122.420844476)"
2,977,Trash Can,Tennis Court Trash Cans,Trash Can,1,"(37.7957865801,-122.420953773)"
2,984,Trash Can,Asphalt Pathway Trash Can,Trash Can,7,"(37.737995147,-122.506780447)"
2,985,Trash Can,Asphalt Pathway Trash Can,Trash Can,7,"(37.7417086823,-122.507311406)"
2,987,Trash Can,Asphalt Pathway Trash Can,Trash Can,7,"(37.7454276246,-122.507744892)"
2,989,Trash Can,Asphalt Pathway Trash Can,Trash Can,7,"(37.7491544832,-122.508232407)"
2,991,Trash Can,Asphalt Pathway Trash Can,Trash Can,7,"(37.7528810731,-122.508746377)"
2,993,Trash Can,Asphalt Pathway Trash Can,Trash Can,7,"(37.7565981731,-122.509210527)"
2,995,Trash Can,Asphalt Pathway Trash Can,Trash Can,7,"(37.7603049852,-122.50973486)"
2,998,Trash Can,Pro Shop Trash Can,Trash Can,3,"(37.7698415373,-122.459610417)"
2,999,Trash Can,Pro Shop Trash Can,Trash Can,3,"(37.7698584816,-122.459675014)"
3,000,Trash Can,Pro Shop Trash Can,Trash Can,3,"(37.769959569,-122.459626361)"
3,001,Trash Can,Tennis Court Trash Can,Trash Can,9,"(37.7700032835,-122.459541651)"
3,002,Trash Can,Tennis Court Trash Can,Trash Can,9,"(37.7700574757,-122.458590692)"
3,003,Trash Can,Tennis Court Trash Can,Trash Can,9,"(37.7704080859,-122.458612768)"
3,004,Trash Can,Tennis Court Trash Can,Trash Can,9,"(37.7703468782,-122.459561573)"
3,005,Trash Can,Tennis Court Trash Can,Trash Can,9,"(37.7705514056,-122.459039944)"
3,006,Trash Can,Tennis Court Trash Can,Trash Can,9,"(37.7707748788,-122.458126379)"
3,008,Trash Can,Tennis Court Trash Can,Trash Can,1,"(37.7705561982,-122.459264228)"
3,010,Trash Can,Tennis Court Trash Can,Trash Can,9,"(37.7706134745,-122.458563133)"
3,046,Trash Can,Asphalt Pathway Trash Cans,Trash Can,1,"(37.8011891031,-122.416902462)"
3,047,Trash Can,Basketball Half-Court Trash Cans,Trash Can,1,"(37.8011026728,-122.416689573)"
3,049,Trash Can,DG Pathway Trash Cans,Trash Can,2,"(37.8010712482,-122.417089942)"
3,052,Trash Can,DG Pathway Trash Cans,Trash Can,2,"(37.800923581,-122.417051515)"
3,057,Trash Can,Synthetic Field Soccer/Football Trash Cans,Trash Can,3,"(37.7391589976,-122.385600479)"
3,058,Trash Can,Synthetic Field Soccer/Football Trash Cans,Trash Can,3,"(37.7391004945,-122.385495655)"
3,059,Trash Can,Synthetic Field Soccer/Football Trash Cans,Trash Can,3,"(37.7389958795,-122.385309288)"
3,065,Trash Can,Tot's Play Area Trash Cans,Trash Can,1,"(37.7380282417,-122.384237591)"
3,066,Trash Can,Children's Play Area Trash Cans,Trash Can,1,"(37.7381645079,-122.384041261)"
3,073,Trash Can,Picnic Area Trash Cans,Trash Can,1,"(37.7383474988,-122.384002269)"
3,076,Trash Can,Concrete Pathway Trash Cans,Trash Can,1,"(37.7384096503,-122.38376502)"
3,082,Trash Can,Adam Rodgers Trash Cans,Trash Can,1,"(37.7309532196,-122.383967667)"
3,086,Trash Can,Adam Rodgers Lawn Trash Cans,Trash Can,2,"(37.7308417727,-122.383735379)"
3,087,Trash Can,Adam Rodgers Lawn Trash Cans,Trash Can,2,"(37.7305260276,-122.383588714)"
3,106,Trash Can,Turf Trash Cans,Trash Can,3,"(37.8068415072,-122.44677105)"
3,110,Trash Can,Turf Trash Cans,Trash Can,3,"(37.8069470927,-122.44635571)"
3,113,Trash Can,Turf Trash Cans,Trash Can,3,"(37.8071693745,-122.445503949)"
3,166,Trash Can,Sunnydale/Mansell Picnic Area Trash Can,Trash Can,1,"(37.7172304545,-122.425439077)"
3,168,Trash Can,West Turf Trash Cans,Trash Can,1,"(37.7175673089,-122.425766114)"
3,174,Trash Can,Wilde Reservoir Picnic Area Trash Can,Trash Can,1,"(37.7190388892,-122.409125264)"
3,183,Trash Can,East Turf Trash Can,Trash Can,3,"(37.7185663894,-122.410180873)"
3,184,Trash Can,East Turf Trash Can,Trash Can,3,"(37.7184953828,-122.410460629)"
3,193,Trash Can,Wilde Reservoir Picnic Area 2 Trash Can,Trash Can,2,"(37.7185171785,-122.411198342)"
3,194,Trash Can,Wilde Reservoir Picnic Area 2 Trash Can,Trash Can,2,"(37.7185071929,-122.41109847)"
3,205,Trash Can,Natural Area Trash Can,Trash Can,1,"(37.7179905648,-122.412346707)"
3,208,Trash Can,West Non-Landscaped Greenspace Trash Can,Trash Can,1,"(37.7173467589,-122.424294133)"
3,216,Trash Can,Mansell Tennis Courts Picnic Area Trash Can,Trash Can,2,"(37.7200225242,-122.412828229)"
3,217,Trash Can,Mansell Tennis Courts Picnic Area Trash Can,Trash Can,2,"(37.720092887,-122.412661187)"
3,224,Trash Can,East Turf Trash Can,Trash Can,3,"(37.7195705103,-122.413510882)"
3,226,Trash Can,Concrete Path Trash Cans,Trash Can,5,"(37.7855363173,-122.499843389)"
3,227,Trash Can,Concrete Path Trash Cans,Trash Can,5,"(37.7856098532,-122.499630319)"
3,229,Trash Can,Concrete Path Trash Cans,Trash Can,5,"(37.7856618726,-122.499134359)"
3,230,Trash Can,Concrete Path Trash Cans,Trash Can,5,"(37.7852823646,-122.499256771)"
3,231,Trash Can,Concrete Path Trash Cans,Trash Can,5,"(37.7850695645,-122.49939125)"
3,234,Trash Can,DG Pathway Trash Can,Trash Can,5,"(37.7122954786,-122.489090784)"
3,235,Trash Can,DG Pathway Trash Can,Trash Can,5,"(37.7124709644,-122.488741001)"
3,239,Trash Can,DG Pathway Trash Can,Trash Can,5,"(37.7085125971,-122.486136219)"
3,243,Trash Can,DG Pathway Trash Can,Trash Can,5,"(37.7131422845,-122.486009345)"
3,245,Trash Can,DG Pathway Trash Can,Trash Can,5,"(37.7127455745,-122.485700828)"
3,258,Trash Can,Boathouse Picnic Area Trash Can,Trash Can,7,"(37.7267314304,-122.500162199)"
3,259,Trash Can,Boathouse Picnic Area Trash Can,Trash Can,7,"(37.7267220417,-122.500344874)"
3,260,Trash Can,Boathouse Picnic Area Trash Can,Trash Can,7,"(37.726713998,-122.499872386)"
3,261,Trash Can,Boathouse Picnic Area Trash Can,Trash Can,7,"(37.7266799049,-122.499658641)"
3,262,Trash Can,Boathouse Picnic Area Trash Can,Trash Can,7,"(37.7266064441,-122.499459665)"
3,263,Trash Can,Boathouse Picnic Area Trash Can,Trash Can,7,"(37.7264129555,-122.499171274)"
3,264,Trash Can,Boathouse Picnic Area Trash Can,Trash Can,7,"(37.726203279,-122.499013488)"
3,265,Trash Can,Asphalt Pathway Trash Can,Trash Can,3,"(37.7266508192,-122.500590085)"
3,293,Trash Can,Asphalt Hardscaped Area Trash Cans,Trash Can,4,"(37.7142433293,-122.450064574)"
3,294,Trash Can,Asphalt Hardscaped Area Trash Cans,Trash Can,4,"(37.714234682,-122.450054171)"
3,295,Trash Can,Asphalt Hardscaped Area Trash Cans,Trash Can,4,"(37.7142245664,-122.450043729)"
3,296,Trash Can,Asphalt Hardscaped Area Trash Cans,Trash Can,4,"(37.7142159345,-122.450032401)"
3,305,Trash Can,Soccer - Trash Cans,Trash Can"(37.7144308377,-122.429050263)"
3,307,Trash Can,Turf - Trash Cans,Trash Can,4,"(37.7140622848,-122.429869637)"
3,308,Trash Can,Turf - Trash Cans,Trash Can,4,"(37.7136311746,-122.430009088)"
3,309,Trash Can,Turf - Trash Cans,Trash Can,4,"(37.7133148041,-122.430145239)"
3,312,Trash Can,Turf - Trash Cans,Trash Can,4,"(37.7131242174,-122.428081528)"
3,313,Trash Can,Turf - Trash Cans,Trash Can,4,"(37.713199494,-122.428052097)"
3,318,Trash Can,Turf - Trash Cans,Trash Can,4,"(37.7139860234,-122.427827702)"
3,319,Trash Can,Turf - Trash Cans,Trash Can,4,"(37.7142332286,-122.427652086)"
3,320,Trash Can,Skatepark - Trash Cans,Trash Can,3,"(37.7137452235,-122.42767229)"
3,321,Trash Can,Skatepark - Trash Cans,Trash Can,3,"(37.713757271,-122.42767092)"
3,322,Trash Can,Skatepark - Trash Cans,Trash Can,3,"(37.7137707095,-122.427666223)"
3,324,Trash Can,Turf - Trash Cans,Trash Can,4,"(37.7144334283,-122.428727897)"
3,325,Trash Can,Turf - Trash Cans,Trash Can,4,"(37.7143523146,-122.42837763)"
3,326,Trash Can,Turf - Trash Cans,Trash Can,4,"(37.7136402795,-122.427879809)"
3,327,Trash Can,Turf - Trash Cans,Trash Can,4,"(37.7130826028,-122.428073904)"
3,360,Picnic Table,Spreckels Lake Picnic Table,Trash Can,1,"(37.7716682573,-122.494941862)"
3,361,Trash Can,Spreckels Lake Trash Can,Trash Can,1,"(37.7716809874,-122.49489414)"
3,364,Trash Can,Spreckels Lake Trash Can,Trash Can,1,"(37.7709488406,-122.495604436)"
3,367,Trash Can,Graham Field Trash Can,Trash Can,4,"(37.7675398445,-122.465771319)"
3,368,Trash Can,Graham Field Trash Can,Trash Can,4,"(37.7675919034,-122.465662781)"
3,369,Trash Can,Graham Field Trash Can,Trash Can,4,"(37.7679385359,-122.465097434)"
3,370,Trash Can,Graham Field Trash Can,Trash Can,4,"(37.767833278,-122.465755433)"
3,375,Trash Can,Nealon Field Trash Can,Trash Can,3,"(37.7681025924,-122.464507901)"
3,376,Trash Can,Nealon Field Trash Can,Trash Can,3,"(37.768133264,-122.463990698)"
3,377,Trash Can,Handball/Raquetball Trash Can,Trash Can,1,"(37.7685701355,-122.464941872)"
3,378,Trash Can,Nealon Field Trash Can,Trash Can,3,"(37.7683210283,-122.464244048)"
3,395,Trash Can,Nursery & Maintenance Yard Trash Can,Trash Can,1,"(37.766988072,-122.462247972)"
3,399,Trash Can,Rose Garden Trash Can,Trash Can,1,"(37.7720397044,-122.47116295)"
3,441,Trash Can,Fulton CPA Trash Can,Trash Can,3,"(37.7730766429,-122.467594749)"
3,442,Trash Can,Fulton CPA Trash Can,Trash Can,3,"(37.77268343,-122.467866709)"
3,443,Trash Can,Fulton CPA Trash Can,Trash Can,3,"(37.7726841318,-122.467824671)"
3,445,Trash Can,Alley of Humanitarians Trash Can,Trash Can,1,"(37.7726203682,-122.464356369)"
3,477,Trash Can,Asphalt Pathway Trash Can,Trash Can,1,"(37.7697897709,-122.46043952)"
3,513,Trash Can,Lawn Trash Can,Trash Can,13,"(37.7729220955,-122.445461791)"
3,514,Trash Can,Lawn Trash Can,Trash Can,13,"(37.7730025856,-122.444567701)"
3,515,Trash Can,Lawn Trash Can,Trash Can,13,"(37.7730967177,-122.443842557)"
3,516,Trash Can,Lawn Trash Can,Trash Can,13,"(37.773124641,-122.443003287)"
3,517,Trash Can,Lawn Trash Can,Trash Can,13,"(37.773278048,-122.441957296)"
3,546,Trash Can,Lawn Trash Can,Trash Can,13,"(37.7717229927,-122.452706956)"
3,547,Trash Can,Lawn Trash Can,Trash Can,13,"(37.7715711185,-122.451798777)"
3,548,Trash Can,Lawn Trash Can,Trash Can,13,"(37.7716949331,-122.449792387)"
3,549,Trash Can,Lawn Trash Can,Trash Can,13,"(37.7719136639,-122.448821844)"
3,550,Trash Can,Lawn Trash Can,Trash Can,13,"(37.7721525425,-122.447497355)"
3,551,Trash Can,Lawn Trash Can,Trash Can,13,"(37.7725725315,-122.447766708)"
3,552,Trash Can,Lawn Trash Can,Trash Can,13,"(37.7722341278,-122.44761064)"
3,553,Trash Can,Lawn Trash Can,Trash Can,13,"(37.772665777,-122.447318556)"
3,555,Trash Can,Kezar Stadium Trash Can,Trash Can,3,"(37.7662953082,-122.455503087)"
3,556,Trash Can,Kezar Stadium Trash Can,Trash Can,3,"(37.7662959877,-122.455236448)"
3,557,Trash Can,Kezar Stadium Trash Can,Trash Can,3,"(37.7664483895,-122.454798825)"
3,648,Trash Can,Oak Woodland Trash Can,Trash Can,1,"(37.7739161966,-122.456354729)"
3,655,Trash Can,Hayes Street Entrance Trash Can,Trash Can,1,"(37.7728993644,-122.454700242)"
3,663,Trash Can,Haight St Entrance Trash Can,Trash Can,2,"(37.7692191415,-122.453853392)"
3,665,Trash Can,Sharon Meadow Trash Can,Trash Can,10,"(37.7689571209,-122.456243607)"
3,667,Trash Can,Sharon Meadow Trash Can,Trash Can,10,"(37.7692260925,-122.456445396)"
3,671,Trash Can,Sharon Meadow Trash Can,Trash Can,10,"(37.7695716826,-122.458016794)"
3,672,Trash Can,Sharon Meadow Trash Can,Trash Can,10,"(37.7694783366,-122.458097779)"
3,673,Trash Can,Sharon Meadow Trash Can,Trash Can,10,"(37.7695516904,-122.457891097)"
3,674,Trash Can,Little Rec Trash Can,Trash Can,1,"(37.7688188526,-122.456592288)"
3,675,Trash Can,Sharon Meadow Trash Can,Trash Can,10,"(37.7694162145,-122.458735893)"
3,738,Trash Can,Trash Can @ Transverse & Middle,Trash Can,1,"(37.7679611498,-122.479998045)"
3,739,Trash Can,25th & JFK Trash Can,Trash Can,2,"(37.766636614,-122.482275125)"
3,747,Trash Can,Glen Eagle Trash Can,Trash Can,4,"(37.7673573095,-122.485547708)"
3,765,Trash Can,Strawberry Hill Trash Can,Trash Can,2,"(37.768805161,-122.474593526)"
3,766,Trash Can,Strawberry Hill Trash Can,Trash Can,2,"(37.768432047,-122.473664435)"
3,767,Trash Can,Stow Lake Trash Can,Trash Can,8,"(37.7696502964,-122.477661931)"
3,771,Trash Can,Boathouse Trash Can,Trash Can,3,"(37.7706431342,-122.477375561)"
3,772,Trash Can,Stow Lake Trash Can,Trash Can,8,"(37.7664041096,-122.476770068)"
3,773,Trash Can,Stow Lake Trash Can,Trash Can,8,"(37.7664252789,-122.476641499)"
3,774,Trash Can,Stow Lake Trash Can,Trash Can,8,"(37.7664146249,-122.476709947)"
3,775,Trash Can,Stow Lake Trash Can,Trash Can,8,"(37.7664197282,-122.476676759)"
3,776,Trash Can,Stow Lake Trash Can,Trash Can,8,"(37.7664091169,-122.476742604)"
3,777,Trash Can,Stow Lake Trash Can,Trash Can,8,"(37.7673525387,-122.476591013)"
3,778,Trash Can,Stow Lake Trash Can,Trash Can,8,"(37.7673838353,-122.474154864)"
3,784,Trash Can,North Lake Trash Can,Trash Can,3,"(37.7685723674,-122.502705812)"
3,785,Trash Can,North Lake Trash Can,Trash Can,3,"(37.7696525147,-122.503300472)"
3,794,Trash Can,North Lake Trash Can,Trash Can,3,"(37.7684972697,-122.500991719)"
3,818,Trash Can,Bercut Picnic Trash Can,Trash Can,2,"(37.7670385317,-122.501596837)"
3,820,Trash Can,South Lake Trash Can,Trash Can,1,"(37.7651103616,-122.4991102)"
3,823,Trash Can,South Lake Parking Lot Trash Can,Trash Can,1,"(37.7660993699,-122.499610258)"
3,830,Trash Can,Beach Chalet DG Path Trash Can,Trash Can,2,"(37.7651197119,-122.509607092)"
3,833,Trash Can,Lincoln Ave CPA Trash Can,Trash Can,2,"(37.7645415123,-122.505086385)"
3,834,Trash Can,Lincoln Ave CPA Trash Can,Trash Can,2,"(37.7645399967,-122.505055482)"
3,835,Trash Can,Beach Chalet DG Path Trash Can,Trash Can,2,"(37.7674905233,-122.509922053)"
3,836,Trash Can,Chalet Clubhouse Trash Can,Trash Can,4,"(37.7674025189,-122.507823185)"
3,837,Trash Can,Chalet Clubhouse Trash Can,Trash Can,4,"(37.7674293776,-122.507826995)"
3,838,Trash Can,Chalet Clubhouse Trash Can,Trash Can,4,"(37.7674488972,-122.507830606)"
3,839,Trash Can,Chalet Clubhouse Trash Can,Trash Can,4,"(37.7674660227,-122.507831069)"
3,850,Trash Can,Dutch Windmill Trash Can,Trash Can,1,"(37.7701249288,-122.50946551)"
3,856,Trash Can,Bercut Picnic Trash Can,Trash Can,2,"(37.766493358,-122.50247883)"
3,865,Trash Can,Beach Chalet Trash Can,Trash Can,1,"(37.7694236207,-122.510368122)"
3,867,Trash Can,Lloyd Lake Trash Can,Trash Can,1,"(37.7701550939,-122.481804368)"
3,941,Trash Can,Boathouse Trash Can,Trash Can,3,"(37.7706511237,-122.47729539)"
3,942,Trash Can,Boathouse Trash Can,Trash Can,3,"(37.7706313916,-122.477374567)"
3,946,Trash Can,Glen Eagle Trash Can,Trash Can,4,"(37.7673797702,-122.485552677)"
3,947,Trash Can,Glen Eagle Trash Can,Trash Can,4,"(37.7674017885,-122.48558385)"
3,948,Trash Can,Glen Eagle Trash Can,Trash Can,4,"(37.7673455791,-122.485523365)"
3,949,Trash Can,25th & JFK Trash Can,Trash Can,2,"(37.7666173267,-122.482287718)"
3,950,Trash Can,Sharon Meadow Trash Can,Trash Can,10,"(37.7695890693,-122.457275505)"
3,954,Trash Can,East Entrance Bathroom Trash Can,Trash Can,1,"(37.7701480797,-122.454901968)"
3,967,Trash Can,Concrete Pathway Trash Cans,Trash Can,3,"(37.8017056898,-122.447917672)"
3,969,Trash Can,Concrete Pathway Trash Cans,Trash Can,3,"(37.8016761048,-122.447962671)"
3,973,Trash Can,Concrete Pathway Trash Cans,Trash Can,3,"(37.8017323338,-122.447703047)"
3,974,Trash Can,Asphalt Hardscaped Area Trash Cans,Trash Can,10,"(37.8019331276,-122.447423456)"
3,975,Trash Can,Asphalt Hardscaped Area Trash Cans,Trash Can,10,"(37.8019434948,-122.447363341)"
3,976,Trash Can,Asphalt Hardscaped Area Trash Cans,Trash Can,10,"(37.8021486232,-122.44713709)"
3,977,Trash Can,Asphalt Hardscaped Area Trash Cans,Trash Can,10,"(37.8022036373,-122.447115961)"
3,978,Trash Can,Asphalt Hardscaped Area Trash Cans,Trash Can,10,"(37.8026621481,-122.447037921)"
3,979,Trash Can,Asphalt Hardscaped Area Trash Cans,Trash Can,10,"(37.8026975656,-122.447076806)"
3,980,Trash Can,Asphalt Hardscaped Area Trash Cans,Trash Can,10,"(37.8030093617,-122.447104661)"
3,981,Trash Can,Asphalt Hardscaped Area Trash Cans,Trash Can,10,"(37.8031381668,-122.447135373)"
3,982,Trash Can,Turf Trash Cans,Trash Can,1,"(37.8041467799,-122.447413767)"
3,984,Trash Can,Perennial Bed Trash Cans,Trash Can,3,"(37.8027665277,-122.448933776)"
3,993,Trash Can,Asphalt Hardscaped Area Trash Cans,Trash Can,10,"(37.8040367056,-122.448668753)"
3,994,Trash Can,Asphalt Hardscaped Area Trash Cans,Trash Can,10,"(37.8040136524,-122.448753454)"
4,004,Trash Can,Perennial Bed Trash Cans,Trash Can,3,"(37.8035704568,-122.448752786)"
4,029,Trash Can,Brick Pathway Trash Cans,Trash Can,4,"(37.7758704053,-122.424470426)"
4,034,Trash Can,Brick Pathway Trash Cans,Trash Can,4,"(37.7759062438,-122.424257888)"
4,042,Trash Can,Brick Pathway Trash Cans,Trash Can,4,"(37.7761789718,-122.42432389)"
4,056,Trash Can,Picnic Area Trash Cans,Trash Can,1,"(37.7764364782,-122.424555074)"
4,073,Trash Can,Brick Pathway Trash Cans,Trash Can,4,"(37.7762972994,-122.424347223)"
4,085,Trash Can,Sidewalk Trash Cans,Trash Can,1,"(37.7794789616,-122.43352327)"
4,101,Trash Can,Concrete Pathway Trash Cans,Trash Can,1,"(37.7800767017,-122.428680612)"
4,108,Trash Can,Concrete Pathway McAllister/Fulton Trash Can,Trash Can,1,"(37.7789770872,-122.428475621)"
4,139,Trash Can,Concrete Plaza Trash Cans,Trash Can,4,"(37.7850279144,-122.429497991)"
4,145,Trash Can,Concrete Plaza Trash Cans,Trash Can,4,"(37.7850363082,-122.429996748)"
4,150,Trash Can,Concrete Plaza Trash Cans,Trash Can,4,"(37.7852714932,-122.430042084)"
4,174,Trash Can,Concrete Plaza Trash Cans,Trash Can,4,"(37.7852588207,-122.429963711)"
4,215,Trash Can,Archery Field Trash Can,Trash Can,1,"(37.770387066,-122.507794047)"
4,216,Trash Can,Urban Forestry Trash Can,Trash Can,1,"(37.7682926662,-122.483772838)"
4,228,Trash Can,Concrete Pathway Trash Can,Trash Can,18,"(37.7951506911,-122.405379426)"
4,229,Trash Can,Concrete Pathway Trash Can,Trash Can,18,"(37.7950255785,-122.405671496)"
4,230,Trash Can,Concrete Pathway Trash Can,Trash Can,18,"(37.7949390886,-122.405658877)"
4,231,Trash Can,Concrete Pathway Trash Can,Trash Can,18,"(37.7948147217,-122.405645532)"
4,239,Trash Can,Concrete Pathway Trash Can,Trash Can,18,"(37.7945266965,-122.405611558)"
4,240,Trash Can,Concrete Pathway Trash Can,Trash Can,18,"(37.7945199197,-122.405610482)"
4,252,Trash Can,Concrete Pathway Trash Can,Trash Can,18,"(37.7945725744,-122.405022522)"
4,253,Trash Can,Concrete Pathway Trash Can,Trash Can,18,"(37.7947221366,-122.405083113)"
4,254,Trash Can,Concrete Pathway Trash Can,Trash Can,18,"(37.7949986436,-122.405131196)"
4,255,Trash Can,Concrete Pathway Trash Can,Trash Can,18,"(37.7949373948,-122.405355238)"
4,256,Trash Can,Concrete Pathway Trash Can,Trash Can,18,"(37.7951908615,-122.405140156)"
4,257,Trash Can,Concrete Pathway Trash Can,Trash Can,18,"(37.7950881676,-122.405107799)"
4,272,Trash Can,Concrete Pathway Trash Can,Trash Can,18,"(37.7947166287,-122.405630852)"
4,308,Trash Can,Concrete Pathway Trash Can,Trash Can,18,"(37.7946850221,-122.405350673)"
4,312,Trash Can,Concrete Pathway Trash Can,Trash Can,18,"(37.7945126944,-122.405315975)"
4,343,Trash Can,Concrete Pathway Trash Can,Trash Can,18,"(37.7949247627,-122.405119958)"
4,364,Trash Can,Concrete Pathway Trash Can,Trash Can,18,"(37.7951370103,-122.405395515)"
4,367,Trash Can,Concrete Pathway Trash Can,Trash Can,18,"(37.7951939665,-122.405339986)"
4,381,Trash Can,Perennial Bed Trash Cans,Trash Can,9,"(37.7698431663,-122.439592596)"
4,587,Trash Can,Haight St Entrance Trash Can,Trash Can,2,"(37.7692502769,-122.45379647)"
4,588,Trash Can,Sharon Art Studio Trash Can,Trash Can,1,"(37.7683847744,-122.45818014)"
5,560,CPA Trash Can,CPA Trash Can,Trash Can,1,"(37.7729305969,-122.498327777)"
5,573,Plastic Totter - 64gal,Concrete Path Plastic Totters,Trash Can,3,"(37.772972327,-122.499040295)"
5,574,Plastic Totter - 64gal,Concrete Path Plastic Totters,Trash Can,3,"(37.7729725974,-122.499031365)"
5,575,Plastic Totter - 64gal,Concrete Path Plastic Totters,Trash Can,3,"(37.7729730913,-122.499023343)"
6,369,Trash Receptacle,Softball Field Trash Can,Trash Can,1,"(37.7291887967,-122.41020738)"
6,381,Trash Can,Softball Field Trash Can,Trash Can,1,"(37.72918464,-122.40877192)"
6,382,Trash Can,Joe Gaggero Sr. Field Trash Cans,Trash Can,2,"(37.7299568101,-122.409091224)"
6,383,Trash Can,Joe Gaggero Sr. Field Trash Cans,Trash Can,2,"(37.730036342,-122.40929667)"
8,943,Trash Can,Tennis Court 2 Trash Can,Trash Can,1,"(37.7569199634,-122.486580576)"
8,944,Trash Can,Tennis Court 2 Trash Can,Trash Can,1,"(37.7569737592,-122.487073031)"
8,946,Trash Can,Tennis Court 2 Trash Can,Trash Can,1,"(37.7565148422,-122.486900086)"
8,948,Trash Can,Tennis Court 2 Trash Can,Trash Can,1,"(37.7570442539,-122.487151813)"
8,952,Trash Can,Tennis Court 2 Trash Can,Trash Can,1,"(37.7560767658,-122.486463998)"
8,957,Trash Can,Tennis Court 2 Trash Can,Trash Can,1,"(37.7557970429,-122.486790489)"
18,128,Trash Can,Trash Cans,Trash Can,7,"(37.7759007226,-122.427410203)"
18,123,Trash Can,Trash Cans,Trash Can,7,"(37.7758954904,-122.427450203)"
18,124,Trash Can,Trash Cans,Trash Can,7,"(37.775896383,-122.427442295)"
18,125,Trash Can,Trash Cans,Trash Can,7,"(37.7758970847,-122.427434383)"
18,126,Trash Can,Trash Cans,Trash Can,7,"(37.7758983623,-122.427426244)"
18,127,Trash Can,Trash Cans,Trash Can,7,"(37.775899636,-122.427418346)"
18,131,Trash Can,Trash Cans,Trash Can,7,"(37.7761338871,-122.427772469)"
26,533,Lincoln Park CPA Trash Can,CPA Trash Cans,Trash Can,2,"(37.7819741627,-122.493635357)"
26,534,Lincoln Park CPA Trash Can,CPA Trash Cans,Trash Can,2,"(37.7818450176,-122.493481671)"
28,685,Trash Can 5,Trash Can 5,Trash Can,1,"(37.7504191342,-122.498105487)"
28,686,Trash Can 4,Trash Can 4,Trash Can,1,"(37.7507203682,-122.497721679)"
28,687,Trash Can 3,Trash Can 3,Trash Can,1,"(37.7506739657,-122.498011435)"
28,688,Trash Can 2,Trash Can 2,Trash Can,1,"(37.7508324578,-122.498283276)"
28,689,Trash Can 1,Trash Can 1,Trash Can,1,"(37.7510346141,-122.497794096)"
32,079,Trash Can,Skatepark - Trash Cans,Trash Can,3,"(37.7125672383,-122.429427509)"
32,080,Trash Can,Skatepark - Trash Cans,Trash Can,3,"(37.7125075934,-122.429147052)"
32,081,Trash Can,Skatepark - Trash Cans,Trash Can,3,"(37.7124385924,-122.428803677)"
33,959,Trash Can,Trash Can,Trash Can,4,"(37.731964551,-122.440750579)"
32,083,Trash Can,Skatepark - Trash Cans,Trash Can,3,"(37.7138888229,-122.427690275)"
32,089,Trash Can,Skatepark - Trash Cans,Trash Can,3,"(37.7145099769,-122.429716684)"
32,100,Trash Can,Skatepark - Trash Cans,Trash Can,3,"(37.7137084866,-122.429949406)"
32,101,Trash Can,Skatepark - Trash Cans,Trash Can,3,"(37.7138166269,-122.429901932)"
32,106,Trash Can,Skatepark - Trash Cans,Trash Can,3,"(37.7135393366,-122.427936183)"
32,107,Trash Can,Skatepark - Trash Cans,Trash Can,3,"(37.7136337524,-122.428382867)"
32,108,Trash Can,Skatepark - Trash Cans,Trash Can,3,"(37.7137396391,-122.428888553)"
32,109,Turf - Trash Can,Turf - Trash Cans,Trash Can,4,"(37.7144308377,-122.429050263)"
32,110,Trash Can,Turf - Trash Cans,Trash Can,4,"(37.7140622848,-122.429869637)"
32,111,Trash Can,Turf - Trash Cans,Trash Can,4,"(37.7136311746,-122.430009088)"
32,112,Trash Can,Turf - Trash Cans,Trash Can,4,"(37.7133148041,-122.430145239)"
32,123,Trash Can,Skatepark - Trash Cans,Trash Can,3,"(37.7137707095,-122.427666223)"
32,131,Trash Can,Skatepark - Trash Cans,Trash Can,3,"(37.7141887664,-122.427854297)"
32,132,Trash Can,Skatepark - Trash Cans,Trash Can,3,"(37.714349574,-122.428611571)"
33,957,Trash Can,Trash Can,Trash Can,4,"(37.7319326225,-122.440738966)"
33,958,Trash Can,Trash Can,Trash Can,4,"(37.7316842178,-122.440739625)"
33,960,Trash Can,Trash Can,Trash Can,4,"(37.7317534352,-122.440848421)"
35,571,Trash Can,Trash Can,Trash Can,3,"(37.7422798416,-122.464946448)"
35,572,Trash Can,Trash Can,Trash Can,3,"(37.7418952528,-122.465277601)"
35,574,Trash Can,Trash Can,Trash Can,3,"(37.7418017326,-122.465123879)"
35,963,Brooks:  Trash,Trash,Trash Can,1,"(37.7178537654,-122.466205538)"
40,827,Trash/Recycling,Trash/Recycling Can,Trash Can,6,"(37.7150508098,-122.458853247)"
40,828,Trash/Recycling,Trash/Recycling Can,Trash Can,6,"(37.7150877805,-122.456252039)"
40,829,Trash/Recycling,Trash/Recycling Can,Trash Can,6,"(37.7150731312,-122.456362339)"
40,831,Trash/Recycling,Trash/Recycling Can,Trash Can,6,"(37.7151396579,-122.456279894)"
41,213,Trash/Recycling,Trash/Recycling Can,Trash Can,6,"(37.7160729012,-122.457444532)"
41,215,Trash/Recycling,Trash/Recycling Can,Trash Can,6,"(37.7151367675,-122.458883876)"
59,849,Trash Can,Concrete Pathway Trash Can,Trash Can,4,"(37.769869522,-122.431975101)"
61,858,Trash can,DPA Trash Can,Trash Can,1,"(37.7875057101,-122.467064395)"
62,676,Trash Can,Trash Can 7,Trash Can,1,"(37.7868731647,-122.470429689)"
